Customer_ID,Customer_Name,Gender,Age,City,State,Registration_Date
C0001,Rahul Das,Male,32,Hyderabad,Telangana,22-05-2024
C0002,Shreya Kumar,Female,20,Hyderabad,Telangana,31-01-2024
C0003,Karan Gupta,Male,53,Delhi,Delhi,22-07-2024
C0004,Kavya Gupta,Female,55,Coimbatore,Tamil Nadu,11-10-2024
C0005,Anjali Shetty,Female,35,Bangalore,Karnataka,08-06-2024
C0006,Arjun Rao,Male,42,Ahmedabad,Gujarat,09-04-2024
C0007,Meera Das,Male,64,Indore,Madhya Pradesh,15-04-2025
C0008,Sneha Jain,Male,53,Coimbatore,Tamil Nadu,27-10-2024
C0009,Manoj Mehta,Male,20,Indore,Madhya Pradesh,08-11-2025
C0010,Pooja Kumar,Male,24,Lucknow,Uttar Pradesh,24-01-2025
C0011,Nikhil Joshi,Male,41,Kolkata,West Bengal,29-12-2024
C0012,Rohit Kumar,Male,52,Ahmedabad,Gujarat,07-09-2024
C0013,Nikhil Jain,Female,58,Pune,Maharashtra,05-12-2025
C0014,Neha Reddy,Male,32,Coimbatore,Tamil Nadu,02-02-2024
C0015,Sanjay Das,Male,31,Chennai,Tamil Nadu,03-08-2025
C0016,Karan Khan,Female,59,Chennai,Tamil Nadu,14-04-2025
C0017,Rohit Singh,Female,65,Jaipur,Rajasthan,28-07-2025
C0018,Rohit Shetty,Female,41,Coimbatore,Tamil Nadu,12-08-2024
C0019,Rakesh Khan,Male,21,Jaipur,Rajasthan,22-04-2024
C0020,Anjali Shetty,Male,42,Jaipur,Rajasthan,25-01-2025
C0021,Rakesh Das,Male,61,Bhopal,Madhya Pradesh,27-04-2024
C0022,Rohit Reddy,Male,36,Coimbatore,Tamil Nadu,21-03-2025
C0023,Nikhil Sharma,Female,50,Pune,Maharashtra,01-07-2024
C0024,Sneha Nair,Male,27,Kanpur,Uttar Pradesh,17-01-2025
C0025,Shreya Sharma,Female,49,Pune,Maharashtra,20-01-2024
C0026,Meera Nair,Male,21,Hyderabad,Telangana,03-09-2024
C0027,Amit Kumar,Female,22,Nagpur,Maharashtra,29-06-2025
C0028,Vikram Khan,Male,34,Jaipur,Rajasthan,24-06-2025
C0029,Karan Mehta,Female,43,Mangalore,Karnataka,18-11-2025
C0030,Nikhil Yadav,Male,33,Indore,Madhya Pradesh,18-08-2024
C0031,Arjun Sharma,Male,55,Delhi,Delhi,13-08-2024
C0032,Amit Patel,Male,22,Bangalore,Karnataka,02-02-2024
C0033,Amit Gupta,Female,60,Chennai,Tamil Nadu,12-05-2025
C0034,Shreya Singh,Female,33,Ahmedabad,Gujarat,29-04-2025
C0035,Karan Rao,Male,60,Mangalore,Karnataka,17-03-2025
C0036,Kavya Shetty,Female,64,Indore,Madhya Pradesh,25-02-2024
C0037,Priya Jain,Female,24,Hyderabad,Telangana,11-09-2024
C0038,Karan Yadav,Male,45,Ahmedabad,Gujarat,06-07-2024
C0039,Nikhil Gupta,Male,46,Kolkata,West Bengal,17-07-2025
C0040,Priya Sharma,Male,33,Hyderabad,Telangana,19-06-2024
C0041,Divya Khan,Male,43,Unknow,Karnataka,01-03-2024
C0042,Sanjay Sharma,Female,34,Pune,Maharashtra,10-04-2025
C0043,Kavya Khan,Male,30,Kochi,Kerala,30-10-2024
C0044,Priya Patel,Female,21,Ahmedabad,Gujarat,21-02-2024
C0045,Divya Verma,Male,50,Nagpur,Maharashtra,23-03-2024
C0046,Amit Kumar,Male,43,Pune,Maharashtra,02-05-2024
C0047,Neha Patel,Male,44,Nagpur,Maharashtra,04-11-2025
C0048,Manoj Reddy,Female,31,Nagpur,Maharashtra,16-11-2025
C0049,Neha Das,Female,26,Chennai,Tamil Nadu,18-11-2025
C0050,Nikhil Reddy,Male,18,Kochi,Kerala,14-04-2025
C0051,Sneha Kumar,Male,50,Nagpur,Maharashtra,28-09-2024
C0052,Meera Kumar,Male,41,Jaipur,Rajasthan,18-10-2024
C0053,Nikhil Nair,Male,60,Pune,Maharashtra,21-07-2025
C0054,Sneha Singh,Female,25,Kochi,Kerala,19-04-2024
C0055,Vikram Das,Female,56,Coimbatore,Tamil Nadu,03-08-2024
C0056,Karan Das,Female,34,Chennai,Tamil Nadu,22-02-2024
C0057,Unknow,Male,18,Delhi,Delhi,07-12-2024
C0058,Rohit Verma,Female,53,Jaipur,Rajasthan,23-12-2025
C0059,Shreya Sharma,Male,22,Mangalore,Karnataka,08-12-2025
C0060,Unknow,Female,55,Jaipur,Rajasthan,19-07-2025
C0061,Kavya Singh,Male,37,Jaipur,Rajasthan,08-01-2025
C0062,Meera Mehta,Male,60,Mumbai,Maharashtra,15-04-2024
C0063,Shreya Shetty,Male,33,Indore,Madhya Pradesh,15-06-2024
C0064,Kavya Sharma,Male,65,Pune,Maharashtra,06-12-2024
C0065,Neha Das,Male,62,Mangalore,Karnataka,20-04-2024
C0066,Priya Khan,Male,30,Patna,Bihar,16-04-2025
C0067,Pooja Gupta,Male,19,Indore,Madhya Pradesh,06-11-2025
C0068,Sanjay Reddy,Female,22,Ahmedabad,Gujarat,12-10-2024
C0069,Rakesh Jain,Female,19,Indore,Madhya Pradesh,28-04-2024
C0070,Anjali Das,Male,24,Kolkata,West Bengal,02-09-2025
C0071,Meera Reddy,Female,56,Mangalore,Karnataka,07-06-2025
C0072,Sanjay Mehta,Female,20,Hyderabad,Telangana,26-12-2025
C0073,Rahul Mehta,Female,45,Mangalore,Karnataka,12-03-2024
C0074,Aisha Reddy,Male,64,Chennai,Tamil Nadu,03-11-2024
C0075,Pooja Shetty,Female,43,Kanpur,Uttar Pradesh,14-12-2025
C0076,Unknow,Male,44,Kochi,Kerala,11-11-2025
C0077,Anjali Nair,Female,53,Patna,Bihar,01-01-2024
C0078,Pooja Mehta,Female,55,Kochi,Kerala,13-09-2025
C0079,Nikhil Yadav,Female,61,Chennai,Tamil Nadu,06-08-2024
C0080,Divya Verma,Male,36,Kanpur,Uttar Pradesh,11-06-2025
C0081,Amit Gupta,Female,32,Chennai,Tamil Nadu,22-07-2024
C0082,Rahul Patel,Male,48,Jaipur,Rajasthan,17-09-2025
C0083,Nikhil Shetty,Male,63,Delhi,Delhi,14-12-2025
C0084,Divya Jain,Male,27,Patna,Bihar,02-11-2025
C0085,Sneha Shetty,Male,29,Bangalore,Karnataka,13-12-2025
C0086,Nikhil Patel,Male,25,Kanpur,Uttar Pradesh,12-04-2025
C0087,Nikhil Reddy,Female,57,Unknow,Rajasthan,31-05-2025
C0088,Shreya Yadav,Male,65,Mangalore,Karnataka,01-05-2025
C0089,Rohit Gupta,Female,51,Bhopal,Madhya Pradesh,11-05-2025
C0090,Rohit Yadav,Male,63,Lucknow,Uttar Pradesh,19-10-2024
C0091,Rohit Reddy,Female,52,Lucknow,Uttar Pradesh,23-03-2024
C0092,Vikram Gupta,Female,62,Jaipur,Rajasthan,05-06-2024
C0093,Amit Shetty,Female,39,Ahmedabad,Gujarat,09-07-2025
C0094,Kavya Patel,Male,44,Bhopal,Madhya Pradesh,02-02-2025
C0095,Rahul Jain,Female,18,Nagpur,Maharashtra,26-12-2024
C0096,Sanjay Shetty,Male,49,Kochi,Kerala,12-08-2024
C0097,Kavya Khan,Male,42,Kolkata,West Bengal,10-12-2024
C0098,Anjali Yadav,Male,57,Patna,Bihar,30-06-2025
C0099,Sanjay Sharma,Male,59,Bangalore,Karnataka,14-03-2025
C0100,Nikhil Verma,Male,34,Jaipur,Rajasthan,23-01-2025
C0101,Karan Yadav,Female,39,Chennai,Tamil Nadu,23-01-2025
C0102,Kavya Das,Male,48,Kolkata,West Bengal,20-01-2024
C0103,Priya Joshi,Male,59,Coimbatore,Tamil Nadu,11-03-2024
C0104,Rahul Gupta,Male,19,Mumbai,Maharashtra,28-09-2025
C0105,Neha Singh,Female,60,Jaipur,Rajasthan,27-04-2024
C0106,Karan Yadav,Female,41,Nagpur,Maharashtra,20-06-2024
C0107,Anjali Nair,Male,55,Hyderabad,Telangana,27-01-2024
C0108,Manoj Jain,Female,63,Kochi,Kerala,22-07-2024
C0109,Manoj Gupta,Male,62,Delhi,Delhi,04-11-2024
C0110,Manoj Patel,Female,52,Hyderabad,Telangana,14-03-2025
C0111,Amit Reddy,Male,44,Indore,Madhya Pradesh,16-05-2025
C0112,Kavya Joshi,Female,63,Hyderabad,Telangana,05-06-2024
C0113,Anjali Das,Female,47,Mangalore,Karnataka,22-03-2025
C0114,Rohit Reddy,Male,23,Unknow,Maharashtra,12-10-2024
C0115,Neha Yadav,Female,39,Bhopal,Madhya Pradesh,01-01-2024
C0116,Arjun Verma,Female,31,Chandigarh,Chandigarh,29-12-2024
C0117,Arjun Das,Female,53,Kolkata,West Bengal,11-01-2024
C0118,Karan Kumar,Male,64,Kanpur,Uttar Pradesh,20-02-2025
C0119,Shreya Gupta,Female,59,Chandigarh,Chandigarh,29-12-2025
C0120,Nikhil Sharma,Male,36,Chandigarh,Chandigarh,14-08-2024
C0121,Neha Nair,Female,48,Patna,Bihar,20-07-2025
C0122,Meera Shetty,Female,40,Kanpur,Uttar Pradesh,20-12-2025
C0123,Rohit Nair,Female,32,Bhopal,Madhya Pradesh,03-05-2024
C0124,Arjun Rao,Male,30,Ahmedabad,Gujarat,09-08-2024
C0125,Rohit Nair,Male,30,Chandigarh,Chandigarh,30-10-2024
C0126,Meera Verma,Female,18,Lucknow,Uttar Pradesh,26-12-2025
C0127,Vikram Das,Male,21,Coimbatore,Tamil Nadu,20-07-2025
C0128,Vikram Khan,Male,18,Kochi,Kerala,10-08-2025
C0129,Divya Khan,Female,39,Kochi,Kerala,07-07-2024
C0130,Rohit Khan,Male,22,Mumbai,Maharashtra,14-02-2025
C0131,Amit Patel,Male,27,Unknow,Chandigarh,30-07-2025
C0132,Amit Gupta,Male,53,Kochi,Kerala,02-03-2025
C0133,Rakesh Jain,Female,46,Lucknow,Uttar Pradesh,31-10-2024
C0134,Kavya Nair,Male,57,Nagpur,Maharashtra,11-04-2024
C0135,Karan Das,Male,28,Ahmedabad,Gujarat,02-09-2024
C0136,Shreya Kumar,Male,18,Pune,Maharashtra,22-02-2025
C0137,Aisha Khan,Female,20,Bhopal,Madhya Pradesh,25-08-2024
C0138,Pooja Yadav,Male,61,Kochi,Kerala,27-08-2024
C0139,Manoj Mehta,Female,25,Kolkata,West Bengal,11-07-2025
C0140,Vikram Das,Male,22,Lucknow,Uttar Pradesh,02-03-2024
C0141,Pooja Nair,Female,25,Pune,Maharashtra,24-04-2025
C0142,Sanjay Das,Female,46,Kochi,Kerala,23-03-2024
C0143,Kavya Reddy,Female,19,Mumbai,Maharashtra,03-04-2024
C0144,Manoj Sharma,Female,54,Lucknow,Uttar Pradesh,11-02-2024
C0145,Divya Yadav,Female,29,Pune,Maharashtra,22-08-2025
C0146,Divya Kumar,Female,40,Mangalore,Karnataka,22-02-2025
C0147,Arjun Rao,Male,39,Chennai,Tamil Nadu,25-02-2025
C0148,Pooja Jain,Male,47,Chandigarh,Chandigarh,31-03-2024
C0149,Rohit Reddy,Male,43,Chennai,Tamil Nadu,10-06-2025
C0150,Shreya Yadav,Female,21,Bangalore,Karnataka,11-07-2024
C0151,Meera Khan,Female,21,Kanpur,Uttar Pradesh,27-07-2024
C0152,Shreya Singh,Female,46,Kolkata,West Bengal,16-12-2025
C0153,Sneha Sharma,Male,63,Chandigarh,Chandigarh,11-06-2024
C0154,Shreya Sharma,Female,23,Kochi,Kerala,18-08-2024
C0155,Nikhil Rao,Male,49,Hyderabad,Telangana,25-10-2024
C0156,Rohit Shetty,Female,48,Kanpur,Uttar Pradesh,06-09-2024
C0157,Shreya Singh,Female,30,Bhopal,Madhya Pradesh,05-09-2025
C0158,Vikram Kumar,Female,44,Kanpur,Uttar Pradesh,14-12-2024
C0159,Rohit Sharma,Female,64,Kanpur,Uttar Pradesh,01-11-2024
C0160,Manoj Khan,Male,46,Nagpur,Maharashtra,05-07-2025
C0161,Meera Reddy,Female,47,Chandigarh,Chandigarh,25-11-2024
C0162,Neha Jain,Male,44,Ahmedabad,Gujarat,14-02-2024
C0163,Divya Jain,Female,60,Chennai,Tamil Nadu,29-10-2025
C0164,Divya Patel,Male,50,Jaipur,Rajasthan,27-08-2025
C0165,Sneha Yadav,Male,51,Chennai,Tamil Nadu,12-04-2025
C0166,Vikram Shetty,Male,22,Bangalore,Karnataka,25-04-2025
C0167,Arjun Jain,Male,39,Kolkata,West Bengal,21-11-2025
C0168,Sanjay Reddy,Female,52,Coimbatore,Tamil Nadu,06-02-2024
C0169,Neha Nair,Male,65,Delhi,Delhi,02-04-2024
C0170,Sneha Rao,Female,28,Mangalore,Karnataka,11-12-2025
C0171,Rahul Patel,Female,21,Kochi,Kerala,27-10-2024
C0172,Meera Shetty,Male,33,Unknown,Madhya Pradesh,27-06-2025
C0173,Manoj Verma,Male,29,Mangalore,Karnataka,21-03-2024
C0174,Aisha Gupta,Female,55,Patna,Bihar,26-05-2024
C0175,Nikhil Das,Female,34,Lucknow,Uttar Pradesh,13-11-2025
C0176,Nikhil Nair,Male,22,Bangalore,Karnataka,28-03-2025
C0177,Manoj Nair,Female,62,Indore,Madhya Pradesh,13-09-2024
C0178,Pooja Mehta,Female,48,Bhopal,Madhya Pradesh,19-04-2024
C0179,Sanjay Joshi,Female,62,Lucknow,Uttar Pradesh,29-10-2024
C0180,Sanjay Das,Male,54,Bangalore,Karnataka,03-12-2025
C0181,Aisha Khan,Female,32,Mumbai,Maharashtra,13-09-2025
C0182,Neha Mehta,Female,61,Indore,Madhya Pradesh,06-11-2025
C0183,Sneha Patel,Female,46,Jaipur,Rajasthan,04-02-2024
C0184,Meera Singh,Male,36,Nagpur,Maharashtra,30-11-2024
C0185,Anjali Mehta,Female,52,Unknown,Unknown,09-01-2025
C0186,Rakesh Das,Male,34,Kanpur,Uttar Pradesh,08-05-2025
C0187,Arjun Rao,Female,22,Kochi,Kerala,24-05-2024
C0188,Sanjay Joshi,Male,43,Lucknow,Uttar Pradesh,15-01-2024
C0189,Shreya Rao,Female,41,Kolkata,West Bengal,19-11-2025
C0190,Manoj Jain,Female,24,Kolkata,West Bengal,22-11-2025
C0191,Divya Sharma,Female,57,Lucknow,Uttar Pradesh,14-08-2024
C0192,Nikhil Nair,Female,25,Delhi,Delhi,23-05-2024
C0193,Priya Nair,Female,25,Mumbai,Maharashtra,09-04-2024
C0194,Shreya Singh,Female,47,Lucknow,Uttar Pradesh,14-01-2025
C0195,Kavya Singh,Female,59,Coimbatore,Tamil Nadu,11-04-2024
C0196,Aisha Shetty,Female,20,Chandigarh,Chandigarh,07-12-2025
C0197,Karan Yadav,Female,33,Indore,Madhya Pradesh,06-01-2025
C0198,Meera Joshi,Male,43,Hyderabad,Telangana,09-10-2024
C0199,Sneha Yadav,Male,60,Ahmedabad,Gujarat,05-08-2024
C0200,Priya Reddy,Male,26,Bangalore,Karnataka,01-08-2025
C0201,Amit Mehta,Male,32,Ahmedabad,Gujarat,02-12-2024
C0202,Aisha Sharma,Female,27,Jaipur,Rajasthan,13-05-2024
C0203,Rohit Verma,Male,60,Coimbatore,Tamil Nadu,27-01-2024
C0204,Rahul Joshi,Male,55,Jaipur,Rajasthan,27-11-2024
C0205,Anjali Das,Male,26,Bangalore,Karnataka,07-03-2025
C0206,Sneha Kumar,Female,46,Kanpur,Uttar Pradesh,05-01-2025
C0207,Manoj Rao,Female,50,Kanpur,Uttar Pradesh,14-08-2024
C0208,Rakesh Nair,Female,59,Mumbai,Maharashtra,01-02-2024
C0209,Divya Jain,Female,61,Mumbai,Maharashtra,20-04-2024
C0210,Nikhil Kumar,Male,38,Chandigarh,Chandigarh,14-09-2025
C0211,Amit Singh,Female,57,Jaipur,Rajasthan,10-10-2025
C0212,Shreya Reddy,Female,56,Nagpur,Maharashtra,27-06-2025
C0213,Nikhil Shetty,Male,62,Kochi,Kerala,27-04-2024
C0214,Karan Shetty,Female,32,Coimbatore,Tamil Nadu,27-02-2025
C0215,Nikhil Jain,Female,64,Chennai,Tamil Nadu,07-04-2024
C0216,Kavya Reddy,Female,41,Chennai,Tamil Nadu,05-06-2024
C0217,Amit Kumar,Male,23,Chandigarh,Chandigarh,18-03-2025
C0218,Meera Singh,Male,55,Hyderabad,Telangana,29-07-2025
C0219,Arjun Rao,Female,40,Coimbatore,Tamil Nadu,01-01-2024
C0220,Priya Nair,Female,40,Mangalore,Karnataka,16-04-2024
C0221,Rakesh Mehta,Male,60,Nagpur,Maharashtra,08-05-2025
C0222,Sneha Joshi,Female,25,Lucknow,Uttar Pradesh,12-10-2024
C0223,Neha Shetty,Male,56,Nagpur,Maharashtra,04-11-2025
C0224,Rahul Verma,Female,62,Kolkata,West Bengal,12-11-2024
C0225,Meera Sharma,Male,27,Chennai,Tamil Nadu,02-08-2025
C0226,Amit Singh,Male,23,Patna,Bihar,27-06-2025
C0227,Sanjay Shetty,Female,39,Ahmedabad,Gujarat,10-06-2024
C0228,Pooja Reddy,Male,21,Indore,Madhya Pradesh,08-06-2024
C0229,Aisha Patel,Male,35,Pune,Maharashtra,29-03-2025
C0230,Divya Yadav,Female,35,Unknown,Karnataka,08-08-2024
C0231,Sneha Joshi,Female,25,Kanpur,Uttar Pradesh,17-10-2024
C0232,Divya Nair,Male,32,Nagpur,Maharashtra,01-01-2024
C0233,Unknown,Female,31,Mumbai,Maharashtra,20-05-2024
C0234,Pooja Reddy,Male,18,Kolkata,West Bengal,24-05-2025
C0235,Anjali Singh,Female,52,Mangalore,Karnataka,21-12-2025
C0236,Rakesh Joshi,Male,43,Lucknow,Uttar Pradesh,13-02-2024
C0237,Rahul Yadav,Male,38,Mangalore,Karnataka,12-08-2025
C0238,Manoj Jain,Female,36,Mangalore,Karnataka,27-04-2024
C0239,Rahul Reddy,Male,57,Patna,Bihar,16-04-2025
C0240,Amit Shetty,Male,33,Indore,Madhya Pradesh,22-03-2025
C0241,Sanjay Kumar,Female,37,Nagpur,Maharashtra,13-12-2024
C0242,Arjun Verma,Male,50,Lucknow,Uttar Pradesh,10-10-2025
C0243,Rakesh Mehta,Female,40,Hyderabad,Telangana,22-10-2025
C0244,Neha Rao,Male,34,Jaipur,Rajasthan,21-07-2024
C0245,Aisha Singh,Male,29,Pune,Maharashtra,05-10-2025
C0246,Nikhil Yadav,Female,58,Chandigarh,Chandigarh,19-11-2024
C0247,Nikhil Kumar,Female,46,Jaipur,Rajasthan,08-10-2025
C0248,Rohit Patel,Female,50,Unknown,Kerala,16-03-2024
C0249,Nikhil Yadav,Male,21,Kochi,Kerala,12-01-2025
C0250,Amit Kumar,Female,47,Kochi,Kerala,17-08-2025
C0251,Priya Yadav,Male,38,Coimbatore,Unknown,11-09-2025
C0252,Rakesh Singh,Male,46,Chandigarh,Chandigarh,15-04-2024
C0253,Amit Verma,Male,33,Chennai,Tamil Nadu,25-12-2025
C0254,Nikhil Verma,Female,41,Bhopal,Madhya Pradesh,16-10-2024
C0255,Kavya Reddy,Male,58,Patna,Bihar,24-10-2025
C0256,Amit Reddy,Male,53,Chennai,Tamil Nadu,25-11-2025
C0257,Pooja Das,Male,39,Patna,Bihar,24-03-2024
C0258,Vikram Joshi,Female,59,Nagpur,Maharashtra,16-12-2025
C0259,Vikram Kumar,Female,53,Patna,Bihar,20-01-2025
C0260,Vikram Kumar,Female,50,Chennai,Tamil Nadu,05-01-2025
C0261,Meera Nair,Male,31,Bangalore,Karnataka,15-12-2024
C0262,Karan Gupta,Male,27,Chandigarh,Chandigarh,20-03-2024
C0263,Sneha Patel,Female,57,Kochi,Kerala,14-05-2024
C0264,Vikram Verma,Male,62,Patna,Bihar,01-10-2025
C0265,Nikhil Patel,Female,41,Pune,Maharashtra,23-11-2025
C0266,Nikhil Nair,Female,32,Lucknow,Uttar Pradesh,30-06-2025
C0267,Pooja Khan,Male,41,Lucknow,Uttar Pradesh,25-11-2025
C0268,Nikhil Yadav,Female,42,Nagpur,Maharashtra,29-05-2025
C0269,Kavya Verma,Male,56,Kanpur,Uttar Pradesh,21-05-2024
C0270,Priya Khan,Female,53,Kolkata,West Bengal,15-04-2024
C0271,Sneha Nair,Male,28,Kanpur,Uttar Pradesh,06-10-2024
C0272,Rakesh Singh,Female,23,Bhopal,Madhya Pradesh,15-08-2024
C0273,Meera Sharma,Female,21,Bhopal,Madhya Pradesh,09-02-2025
C0274,Meera Gupta,Female,23,Kanpur,Uttar Pradesh,18-01-2025
C0275,Rahul Reddy,Male,63,Lucknow,Uttar Pradesh,27-10-2025
C0276,Vikram Singh,Male,36,Chennai,Tamil Nadu,28-04-2025
C0277,Divya Yadav,Male,23,Jaipur,Rajasthan,20-01-2024
C0278,Karan Singh,Female,25,Kolkata,West Bengal,22-10-2024
C0279,Pooja Rao,Male,33,Lucknow,Uttar Pradesh,05-03-2025
C0280,Unknown,Female,56,Bhopal,Madhya Pradesh,02-07-2025
C0281,Rakesh Gupta,Male,36,Bangalore,Karnataka,15-03-2025
C0282,Aisha Joshi,Male,54,Bangalore,Karnataka,02-03-2025
C0283,Amit Joshi,Male,51,Pune,Maharashtra,11-07-2025
C0284,Rakesh Sharma,Female,48,Kanpur,Uttar Pradesh,14-02-2024
C0285,Meera Das,Male,40,Patna,Bihar,10-03-2024
C0286,Neha Rao,Female,26,Indore,Madhya Pradesh,15-02-2024
C0287,Shreya Reddy,Male,61,Indore,Madhya Pradesh,20-04-2025
C0288,Anjali Singh,Male,63,Unknown,Chandigarh,13-04-2025
C0289,Pooja Mehta,Male,30,Mumbai,Maharashtra,12-02-2024
C0290,Pooja Jain,Female,34,Chennai,Tamil Nadu,07-02-2024
C0291,Pooja Joshi,Male,59,Ahmedabad,Gujarat,05-12-2024
C0292,Sneha Joshi,Female,43,Kolkata,West Bengal,26-03-2025
C0293,Arjun Verma,Female,62,Patna,Bihar,24-05-2025
C0294,Rakesh Das,Male,64,Indore,Madhya Pradesh,10-03-2025
C0295,Kavya Verma,Female,38,Delhi,Delhi,15-04-2024
C0296,Arjun Nair,Female,46,Delhi,Delhi,01-01-2024
C0298,Aisha Shetty,Female,58,Indore,Madhya Pradesh,28-02-2024
C0299,Sanjay Joshi,Male,19,Delhi,Delhi,26-05-2024
C0300,Priya Singh,Male,33,Bhopal,Madhya Pradesh,22-10-2025
C0301,Meera Jain,Male,56,Indore,Madhya Pradesh,06-06-2024
C0302,Meera Joshi,Female,22,Bhopal,Madhya Pradesh,10-08-2025
C0303,Rakesh Joshi,Female,38,Jaipur,Rajasthan,27-10-2025
C0304,Neha Rao,Male,65,Kolkata,West Bengal,09-07-2024
C0305,Rakesh Jain,Male,34,Chandigarh,Chandigarh,23-09-2024
C0306,Karan Nair,Female,30,Bhopal,Madhya Pradesh,05-05-2024
C0307,Amit Yadav,Male,63,Jaipur,Rajasthan,31-03-2025
C0308,Unknown,Male,53,Delhi,Delhi,09-07-2025
C0309,Pooja Verma,Male,41,Kochi,Kerala,04-06-2025
C0310,Sneha Mehta,Male,33,Lucknow,Uttar Pradesh,20-05-2025
C0311,Meera Joshi,Female,53,Bangalore,Karnataka,12-05-2024
C0312,Amit Nair,Female,63,Delhi,Delhi,05-05-2025
C0313,Kavya Shetty,Male,26,Kanpur,Uttar Pradesh,20-11-2024
C0314,Nikhil Yadav,Female,26,Delhi,Delhi,18-07-2025
C0315,Anjali Singh,Female,50,Nagpur,Maharashtra,26-02-2024
C0316,Rakesh Singh,Female,28,Hyderabad,Telangana,14-06-2024
C0317,Neha Joshi,Female,23,Chennai,Tamil Nadu,13-09-2024
C0318,Shreya Das,Male,58,Ahmedabad,Gujarat,06-11-2024
C0319,Amit Verma,Male,28,Coimbatore,Tamil Nadu,05-11-2025
C0320,Manoj Patel,Male,23,Chennai,Tamil Nadu,16-02-2024
C0321,Rohit Mehta,Female,57,Nagpur,Maharashtra,16-10-2025
C0322,Divya Nair,Female,48,Bangalore,Karnataka,07-09-2024
C0323,Pooja Yadav,Male,62,Patna,Bihar,02-03-2024
C0324,Nikhil Shetty,Female,47,Pune,Maharashtra,27-07-2024
C0325,Aisha Singh,Female,63,Chennai,Tamil Nadu,22-11-2024
C0326,Sanjay Singh,Female,50,Indore,Madhya Pradesh,29-07-2025
C0327,Unknown,Female,25,Hyderabad,Telangana,30-09-2024
C0328,Neha Singh,Male,21,Bhopal,Madhya Pradesh,24-10-2024
C0329,Aisha Shetty,Male,28,Patna,Bihar,01-12-2024
C0330,Arjun Mehta,Male,49,Nagpur,Maharashtra,11-06-2025
C0331,Divya Nair,Female,19,Bhopal,Madhya Pradesh,02-04-2024
C0332,Rakesh Yadav,Male,31,Patna,Bihar,20-08-2025
C0333,Priya Patel,Female,49,Indore,Madhya Pradesh,03-09-2025
C0334,Pooja Sharma,Male,45,Chandigarh,Chandigarh,17-05-2024
C0335,Meera Jain,Female,20,Kolkata,West Bengal,14-02-2025
C0336,Manoj Mehta,Female,53,Mumbai,Maharashtra,22-10-2024
C0337,Sanjay Yadav,Female,57,Delhi,Delhi,27-11-2025
C0338,Vikram Rao,Female,41,Hyderabad,Telangana,13-12-2024
C0339,Meera Singh,Male,56,Coimbatore,Tamil Nadu,05-06-2025
C0340,Rakesh Patel,Male,20,Patna,Bihar,20-05-2024
C0341,Divya Yadav,Male,56,Chennai,Tamil Nadu,11-06-2025
C0342,Arjun Reddy,Male,43,Jaipur,Rajasthan,23-09-2025
C0343,Manoj Reddy,Female,63,Kochi,Kerala,30-07-2025
C0344,Divya Sharma,Female,39,Kochi,Kerala,20-11-2025
C0345,Kavya Nair,Male,56,Hyderabad,Telangana,30-04-2025
C0346,Manoj Gupta,Male,55,Kolkata,West Bengal,06-05-2025
C0347,Rakesh Jain,Male,61,Pune,Maharashtra,05-09-2024
C0348,Manoj Rao,Male,19,Mumbai,Maharashtra,27-03-2025
C0349,Kavya Singh,Female,62,Chennai,Tamil Nadu,27-07-2024
C0350,Rakesh Khan,Male,63,Mangalore,Karnataka,21-05-2024
C0351,Karan Reddy,Female,51,Kanpur,Uttar Pradesh,20-01-2025
C0352,Anjali Yadav,Female,52,Chennai,Tamil Nadu,28-12-2024
C0353,Aisha Khan,Male,33,Kolkata,West Bengal,12-10-2024
C0354,Pooja Gupta,Female,36,Coimbatore,Tamil Nadu,22-12-2025
C0355,Divya Reddy,Female,40,Ahmedabad,Gujarat,27-07-2025
C0356,Pooja Rao,Female,43,Kolkata,West Bengal,19-12-2024
C0357,Pooja Patel,Female,63,Jaipur,Rajasthan,21-03-2024
C0358,Nikhil Das,Female,31,Indore,Madhya Pradesh,25-07-2024
C0359,Rohit Das,Male,24,Coimbatore,Tamil Nadu,01-01-2024
C0360,Neha Gupta,Male,60,Nagpur,Maharashtra,27-06-2025
C0361,Neha Patel,Male,44,Unknown,Uttar Pradesh,04-12-2024
C0362,Sneha Singh,Male,53,Chandigarh,Chandigarh,10-06-2024
C0363,Divya Khan,Male,36,Mangalore,Karnataka,24-11-2024
C0364,Priya Kumar,Male,52,Kochi,Kerala,08-02-2024
C0365,Kavya Verma,Male,43,Pune,Maharashtra,22-05-2025
C0366,Pooja Patel,Male,37,Pune,Maharashtra,04-08-2025
C0367,Arjun Nair,Female,59,Hyderabad,Telangana,10-07-2025
C0368,Divya Singh,Female,35,Kanpur,Uttar Pradesh,16-07-2024
C0369,Arjun Verma,Female,59,Hyderabad,Telangana,20-09-2024
C0370,Rahul Reddy,Female,54,Pune,Maharashtra,21-11-2025
C0371,Anjali Jain,Female,50,Ahmedabad,Gujarat,01-12-2024
C0372,Sanjay Rao,Male,26,Delhi,Delhi,03-05-2025
C0373,Neha Sharma,Female,42,Chennai,Tamil Nadu,29-08-2024
C0374,Rohit Reddy,Female,55,Bhopal,Madhya Pradesh,09-08-2025
C0375,Rohit Joshi,Male,21,Bangalore,Karnataka,14-11-2025
C0376,Nikhil Nair,Male,43,Hyderabad,Telangana,03-12-2025
C0377,Pooja Rao,Female,41,Kanpur,Uttar Pradesh,21-09-2025
C0378,Neha Singh,Female,27,Lucknow,Uttar Pradesh,10-04-2025
C0379,Kavya Khan,Male,33,Indore,Madhya Pradesh,27-11-2025
C0380,Rakesh Yadav,Female,22,Delhi,Delhi,31-07-2025
C0381,Priya Mehta,Male,28,Hyderabad,Telangana,01-12-2024
C0382,Nikhil Rao,Male,63,Kanpur,Uttar Pradesh,20-08-2025
C0383,Amit Yadav,Male,47,Chandigarh,Chandigarh,15-05-2024
C0384,Kavya Yadav,Male,53,Kanpur,Uttar Pradesh,18-04-2025
C0385,Rahul Jain,Female,18,Kochi,Kerala,11-08-2024
C0386,Amit Patel,Female,40,Nagpur,Maharashtra,18-12-2025
C0387,Shreya Patel,Male,48,Delhi,Delhi,02-02-2024
C0388,Kavya Verma,Male,59,Kochi,Kerala,23-10-2025
C0389,Meera Jain,Female,42,Mangalore,Karnataka,19-01-2025
C0390,Shreya Singh,Female,25,Delhi,Delhi,01-07-2024
C0391,Sanjay Singh,Male,18,Coimbatore,Tamil Nadu,24-01-2024
C0392,Nikhil Shetty,Female,32,Kochi,Kerala,10-09-2024
C0393,Meera Singh,Female,30,Bhopal,Madhya Pradesh,25-04-2024
C0394,Unknown,Male,31,Mumbai,Maharashtra,09-03-2024
C0395,Aisha Patel,Female,56,Hyderabad,Telangana,19-11-2025
C0396,Neha Patel,Female,46,Mumbai,Maharashtra,27-08-2024
C0397,Karan Patel,Male,50,Coimbatore,Tamil Nadu,23-10-2024
C0398,Manoj Reddy,Female,33,Lucknow,Uttar Pradesh,05-11-2024
C0399,Rakesh Gupta,Female,37,Jaipur,Rajasthan,08-10-2024
C0400,Shreya Verma,Female,53,Mumbai,Maharashtra,22-05-2025
C0401,Meera Jain,Female,62,Mumbai,Maharashtra,02-03-2025
C0402,Vikram Nair,Female,29,Mangalore,Karnataka,04-07-2025
C0403,Neha Gupta,Female,63,Chandigarh,Chandigarh,27-05-2024
C0404,Priya Shetty,Female,53,Bhopal,Madhya Pradesh,26-06-2025
C0405,Sanjay Gupta,Female,31,Jaipur,Rajasthan,04-12-2024
C0406,Nikhil Joshi,Male,52,Delhi,Delhi,14-07-2024
C0407,Rohit Jain,Male,22,Mumbai,Maharashtra,11-07-2024
C0408,Shreya Mehta,Female,31,Nagpur,Maharashtra,06-12-2024
C0409,Rahul Mehta,Male,65,Kochi,Kerala,30-04-2024
C0410,Neha Mehta,Female,33,Chandigarh,Chandigarh,19-07-2025
C0411,Pooja Jain,Female,52,Chennai,Tamil Nadu,26-10-2025
C0412,Pooja Das,Female,50,Indore,Madhya Pradesh,24-05-2025
C0413,Sneha Khan,Female,31,Bhopal,Madhya Pradesh,14-01-2025
C0414,Unknown,Male,65,Chennai,Tamil Nadu,29-05-2024
C0415,Rohit Shetty,Female,27,Bangalore,Karnataka,19-07-2024
C0416,Neha Jain,Male,49,Chennai,Tamil Nadu,17-07-2025
C0417,Rohit Khan,Female,47,Chennai,Tamil Nadu,21-06-2024
C0418,Anjali Singh,Female,29,Indore,Madhya Pradesh,09-07-2025
C0419,Rakesh Patel,Male,60,Mumbai,Maharashtra,19-02-2024
C0420,Kavya Singh,Male,22,Bangalore,Karnataka,25-12-2025
C0421,Rahul Mehta,Female,41,Jaipur,Rajasthan,02-03-2024
C0422,Divya Sharma,Male,52,Chandigarh,Chandigarh,18-07-2025
C0423,Rahul Sharma,Female,52,Mangalore,Karnataka,20-10-2024
C0424,Rakesh Shetty,Male,24,Bangalore,Karnataka,08-04-2024
C0425,Vikram Gupta,Male,57,Kanpur,Uttar Pradesh,23-06-2025
C0426,Meera Das,Female,23,Kolkata,West Bengal,17-01-2025
C0427,Nikhil Gupta,Male,37,Patna,Bihar,01-12-2025
C0428,Priya Kumar,Female,42,Delhi,Delhi,21-01-2025
C0429,Divya Patel,Male,62,Coimbatore,Tamil Nadu,24-06-2024
C0430,Divya Shetty,Female,54,Delhi,Delhi,07-04-2024
C0431,Priya Gupta,Female,62,Kanpur,Uttar Pradesh,03-08-2025
C0432,Rohit Patel,Male,61,Chandigarh,Chandigarh,14-10-2024
C0433,Manoj Patel,Male,38,Coimbatore,Tamil Nadu,17-01-2024
C0434,Manoj Singh,Female,22,Ahmedabad,Gujarat,02-11-2024
C0435,Manoj Gupta,Female,61,Pune,Maharashtra,07-07-2025
C0436,Sanjay Singh,Male,50,Chennai,Tamil Nadu,20-12-2024
C0437,Sneha Shetty,Male,22,Mumbai,Maharashtra,14-12-2024
C0438,Arjun Sharma,Female,46,Patna,Bihar,17-05-2025
C0439,Meera Jain,Female,29,Lucknow,Uttar Pradesh,01-01-2024
C0440,Sanjay Kumar,Female,33,Nagpur,Maharashtra,31-12-2025
C0441,Amit Das,Male,42,Delhi,Delhi,29-12-2025
C0442,Sanjay Reddy,Female,24,Jaipur,Rajasthan,03-04-2024
C0443,Pooja Yadav,Female,35,Bangalore,Karnataka,14-04-2024
C0444,Amit Verma,Female,46,Jaipur,Rajasthan,24-07-2025
C0445,Rakesh Shetty,Male,19,Coimbatore,Tamil Nadu,01-04-2024
C0446,Shreya Kumar,Female,42,Indore,Madhya Pradesh,13-01-2024
C0447,Kavya Jain,Male,64,Kochi,Kerala,01-01-2024
C0448,Manoj Verma,Female,28,Lucknow,Uttar Pradesh,22-05-2024
C0449,Pooja Das,Female,27,Kolkata,West Bengal,05-03-2024
C0450,Kavya Das,Female,37,Pune,Maharashtra,10-05-2025
C0451,Meera Das,Male,64,Delhi,Delhi,02-10-2025
C0452,Aisha Mehta,Female,24,Chandigarh,Chandigarh,18-05-2024
C0453,Rahul Jain,Female,57,Kochi,Kerala,24-01-2025
C0454,Nikhil Reddy,Female,59,Chennai,Tamil Nadu,31-08-2025
C0455,Pooja Reddy,Male,48,Jaipur,Rajasthan,17-11-2024
C0456,Sanjay Reddy,Female,65,Pune,Maharashtra,12-12-2025
C0457,Manoj Gupta,Female,42,Chandigarh,Chandigarh,14-10-2024
C0458,Meera Rao,Male,55,Patna,Bihar,12-07-2025
C0459,Shreya Sharma,Female,63,Pune,Maharashtra,02-08-2024
C0460,Pooja Kumar,Female,61,Bhopal,Madhya Pradesh,26-05-2025
C0461,Pooja Gupta,Female,60,Jaipur,Rajasthan,06-06-2024
C0462,Sanjay Kumar,Female,56,Mangalore,Karnataka,05-05-2025
C0463,Sanjay Shetty,Male,41,Nagpur,Maharashtra,19-12-2025
C0464,Aisha Kumar,Male,33,Coimbatore,Tamil Nadu,04-11-2025
C0465,Anjali Patel,Female,39,Indore,Madhya Pradesh,16-03-2025
C0466,Rahul Rao,Female,32,Hyderabad,Telangana,06-06-2025
C0467,Shreya Gupta,Female,41,Kanpur,Uttar Pradesh,04-02-2025
C0468,Manoj Singh,Female,19,Bhopal,Madhya Pradesh,09-05-2025
C0469,Pooja Shetty,Male,25,Hyderabad,Telangana,25-05-2024
C0470,Pooja Reddy,Female,31,Indore,Madhya Pradesh,17-06-2025
C0471,Meera Khan,Male,46,Chandigarh,Chandigarh,14-12-2025
C0472,Arjun Kumar,Female,20,Bhopal,Madhya Pradesh,28-12-2025
C0473,Rahul Reddy,Male,61,Hyderabad,Telangana,17-06-2024
C0474,Rakesh Verma,Male,39,Lucknow,Uttar Pradesh,27-07-2025
C0475,Nikhil Gupta,Female,58,Mangalore,Karnataka,07-07-2024
C0476,Kavya Jain,Male,65,Pune,Maharashtra,20-09-2025
C0477,Nikhil Shetty,Female,18,Ahmedabad,Gujarat,22-12-2025
C0478,Karan Das,Male,54,Ahmedabad,Gujarat,14-04-2024
C0479,Anjali Joshi,Female,30,Coimbatore,Tamil Nadu,13-04-2025
C0480,Rohit Khan,Female,56,Hyderabad,Telangana,01-02-2025
C0481,Manoj Rao,Female,40,Patna,Bihar,13-04-2025
C0482,Pooja Kumar,Male,38,Pune,Maharashtra,30-04-2024
C0483,Pooja Rao,Male,41,Lucknow,Uttar Pradesh,11-12-2025
C0484,Unknown,Female,56,Unknown,Unknown,21-05-2024
C0485,Sanjay Shetty,Male,49,Nagpur,Maharashtra,12-10-2025
C0486,Anjali Verma,Female,36,Coimbatore,Tamil Nadu,23-05-2024
C0487,Arjun Yadav,Male,40,Pune,Maharashtra,10-01-2024
C0488,Vikram Mehta,Female,53,Chandigarh,Unknown,01-06-2025
C0489,Unknown,Female,63,Chandigarh,Chandigarh,30-03-2025
C0490,Anjali Kumar,Male,32,Chandigarh,Chandigarh,26-10-2024
C0491,Rohit Gupta,Female,28,Mumbai,Maharashtra,13-04-2025
C0492,Divya Rao,Male,35,Nagpur,Maharashtra,10-07-2025
C0493,Shreya Patel,Female,52,Indore,Madhya Pradesh,11-08-2024
C0494,Sneha Gupta,Female,20,Mangalore,Karnataka,05-04-2025
C0495,Meera Kumar,Female,25,Kolkata,West Bengal,30-08-2024
C0496,Manoj Joshi,Female,28,Ahmedabad,Gujarat,22-09-2025
C0497,Karan Mehta,Male,54,Jaipur,Rajasthan,25-12-2024
C0498,Rohit Verma,Female,63,Coimbatore,Tamil Nadu,26-10-2024
C0499,Manoj Das,Male,26,Kochi,Kerala,25-02-2025
C0500,Rohit Singh,Male,33,Mumbai,Maharashtra,29-05-2024
C0501,Neha Jain,Female,27,Chennai,Tamil Nadu,14-08-2025
C0502,Kavya Jain,Female,22,Kolkata,West Bengal,10-10-2025
C0503,Unknown,Female,47,Delhi,Delhi,14-05-2025
C0504,Manoj Sharma,Male,64,Chennai,Tamil Nadu,14-04-2025
C0506,Rohit Reddy,Female,39,Chandigarh,Chandigarh,14-07-2025
C0507,Vikram Khan,Female,61,Nagpur,Maharashtra,19-02-2024
C0508,Sneha Yadav,Male,25,Mumbai,Maharashtra,10-06-2024
C0509,Nikhil Sharma,Female,30,Bhopal,Madhya Pradesh,06-12-2025
C0510,Pooja Verma,Female,23,Jaipur,Rajasthan,01-11-2025
C0511,Rohit Kumar,Female,60,Indore,Madhya Pradesh,26-10-2025
C0512,Priya Jain,Female,64,Pune,Maharashtra,17-12-2025
C0513,Kavya Kumar,Male,18,Lucknow,Uttar Pradesh,06-08-2024
C0514,Amit Singh,Male,51,Chandigarh,Chandigarh,27-11-2025
C0515,Rahul Sharma,Female,25,Bhopal,Madhya Pradesh,08-03-2025
C0516,Divya Kumar,Male,42,Jaipur,Unknown,01-04-2024
C0517,Sneha Reddy,Female,37,Hyderabad,Telangana,20-05-2024
C0518,Vikram Singh,Male,51,Patna,Bihar,30-07-2025
C0519,Aisha Verma,Male,40,Bangalore,Karnataka,06-08-2024
C0520,Kavya Yadav,Male,23,Jaipur,Rajasthan,12-04-2024
C0521,Sneha Jain,Female,45,Jaipur,Rajasthan,01-01-2024
C0522,Neha Das,Male,33,Jaipur,Rajasthan,20-07-2025
C0523,Rahul Nair,Male,51,Kochi,Kerala,13-09-2025
C0524,Karan Jain,Male,59,Kanpur,Uttar Pradesh,25-02-2024
C0525,Divya Jain,Male,33,Lucknow,Uttar Pradesh,26-05-2025
C0526,Unknown,Female,38,Delhi,Delhi,15-05-2024
C0527,Manoj Shetty,Female,52,Patna,Bihar,30-11-2025
C0528,Divya Kumar,Male,55,Pune,Maharashtra,10-03-2024
C0529,Rohit Mehta,Male,21,Bangalore,Karnataka,11-02-2025
C0530,Unknown,Female,62,Kanpur,Uttar Pradesh,15-02-2025
C0531,Shreya Singh,Female,23,Delhi,Delhi,13-11-2024
C0532,Rakesh Mehta,Male,52,Delhi,Delhi,30-11-2024
C0533,Manoj Kumar,Female,62,Patna,Bihar,23-03-2025
C0534,Priya Gupta,Male,45,Lucknow,Uttar Pradesh,28-04-2024
C0535,Aisha Patel,Female,60,Bhopal,Madhya Pradesh,04-11-2025
C0536,Sneha Sharma,Male,62,Pune,Maharashtra,12-01-2024
C0537,Divya Joshi,Female,28,Pune,Maharashtra,15-01-2025
C0538,Rohit Rao,Male,39,Jaipur,Rajasthan,15-03-2025
C0539,Rakesh Kumar,Female,63,Kolkata,West Bengal,13-08-2025
C0540,Divya Yadav,Female,21,Delhi,Delhi,26-05-2025
C0541,Anjali Joshi,Male,34,Nagpur,Maharashtra,15-04-2024
C0542,Sneha Gupta,Male,20,Nagpur,Maharashtra,13-01-2024
C0543,Priya Khan,Female,42,Lucknow,Uttar Pradesh,02-06-2024
C0544,Priya Shetty,Male,38,Pune,Maharashtra,11-09-2024
C0545,Arjun Das,Male,54,Mangalore,Karnataka,16-01-2025
C0546,Rakesh Patel,Male,32,Hyderabad,Telangana,12-06-2025
C0547,Sanjay Kumar,Female,36,Mumbai,Maharashtra,14-11-2024
C0548,Amit Yadav,Male,41,Chennai,Tamil Nadu,24-07-2024
C0549,Manoj Nair,Male,47,Kochi,Kerala,12-01-2025
C0550,Divya Mehta,Male,27,Nagpur,Maharashtra,07-01-2024
C0551,Rahul Gupta,Female,58,Mangalore,Karnataka,11-12-2025
C0552,Arjun Sharma,Female,65,Bangalore,Karnataka,10-11-2024
C0553,Karan Gupta,Female,49,Hyderabad,Telangana,02-03-2024
C0554,Rohit Kumar,Male,32,Jaipur,Rajasthan,16-06-2025
C0555,Meera Yadav,Male,55,Mangalore,Karnataka,07-04-2024
C0556,Vikram Jain,Male,55,Kanpur,Uttar Pradesh,04-08-2025
C0557,Kavya Singh,Male,36,Mumbai,Maharashtra,24-09-2024
C0558,Sanjay Reddy,Female,46,Chennai,Tamil Nadu,05-10-2024
C0559,Unknown,Male,55,Lucknow,Uttar Pradesh,21-04-2024
C0560,Sneha Verma,Female,47,Jaipur,Rajasthan,17-11-2024
C0561,Sneha Joshi,Male,46,Mangalore,Karnataka,11-11-2024
C0562,Rohit Rao,Male,28,Bhopal,Madhya Pradesh,03-12-2025
C0563,Aisha Patel,Male,38,Kochi,Kerala,01-01-2024
C0564,Neha Joshi,Female,50,Delhi,Delhi,20-02-2024
C0565,Rohit Verma,Male,43,Kochi,Kerala,08-04-2025
C0566,Shreya Gupta,Male,47,Coimbatore,Tamil Nadu,14-04-2024
C0567,Sneha Sharma,Male,32,Jaipur,Rajasthan,13-05-2024
C0568,Sanjay Joshi,Male,55,Ahmedabad,Gujarat,23-08-2025
C0570,Vikram Kumar,Female,25,Bhopal,Madhya Pradesh,13-02-2024
C0571,Priya Verma,Female,64,Bhopal,Madhya Pradesh,08-02-2025
C0572,Rahul Jain,Female,29,Chandigarh,Chandigarh,28-12-2024
C0573,Anjali Das,Female,46,Ahmedabad,Gujarat,01-06-2024
C0574,Aisha Gupta,Female,49,Mumbai,Maharashtra,25-02-2025
C0575,Divya Patel,Male,35,Coimbatore,Tamil Nadu,27-01-2025
C0576,Kavya Mehta,Male,58,Jaipur,Rajasthan,10-07-2025
C0577,Sanjay Joshi,Female,52,Bangalore,Karnataka,11-05-2025
C0578,Manoj Reddy,Female,35,Indore,Madhya Pradesh,03-07-2024
C0579,Arjun Gupta,Male,35,Bangalore,Karnataka,29-02-2024
C0580,Rakesh Joshi,Male,28,Chandigarh,Chandigarh,12-04-2024
C0581,Neha Das,Male,32,Lucknow,Uttar Pradesh,12-08-2025
C0582,Meera Verma,Male,33,Patna,Bihar,29-08-2025
C0583,Meera Sharma,Female,54,Chennai,Tamil Nadu,31-07-2025
C0584,Manoj Mehta,Female,52,Jaipur,Rajasthan,12-11-2024
C0585,Divya Patel,Male,21,Pune,Maharashtra,26-08-2024
C0586,Rahul Khan,Male,39,Lucknow,Uttar Pradesh,20-09-2025
C0587,Vikram Reddy,Male,38,Ahmedabad,Gujarat,01-03-2024
C0588,Vikram Singh,Male,51,Bangalore,Karnataka,08-01-2025
C0589,Meera Jain,Male,39,Delhi,Delhi,05-11-2024
C0590,Vikram Verma,Female,58,Chennai,Tamil Nadu,13-05-2025
C0591,Anjali Joshi,Male,60,Chennai,Tamil Nadu,26-08-2025
C0592,Sanjay Nair,Female,26,Pune,Maharashtra,30-06-2024
C0593,Manoj Jain,Male,29,Bangalore,Karnataka,08-09-2025
C0594,Aisha Gupta,Male,49,Chennai,Tamil Nadu,24-05-2024
C0595,Amit Gupta,Female,38,Chennai,Tamil Nadu,20-06-2024
C0596,Arjun Yadav,Male,34,Delhi,Delhi,02-08-2024
C0597,Amit Joshi,Female,24,Lucknow,Uttar Pradesh,02-01-2024
C0598,Sanjay Yadav,Female,28,Mumbai,Maharashtra,27-02-2025
C0599,Sanjay Joshi,Female,24,Chandigarh,Chandigarh,05-05-2025
C0600,Neha Verma,Female,22,Nagpur,Maharashtra,04-02-2024
C0601,Rahul Reddy,Female,24,Kochi,Kerala,16-03-2024
C0602,Anjali Jain,Male,64,Chennai,Tamil Nadu,17-03-2024
C0603,Amit Reddy,Female,63,Coimbatore,Tamil Nadu,01-02-2024
C0604,Anjali Shetty,Male,21,Mangalore,Karnataka,13-04-2024
C0605,Karan Mehta,Female,62,Chennai,Tamil Nadu,21-07-2025
C0606,Rohit Nair,Female,33,Coimbatore,Tamil Nadu,08-04-2024
C0607,Sanjay Khan,Male,21,Mumbai,Maharashtra,04-01-2025
C0608,Kavya Kumar,Female,60,Bangalore,Karnataka,02-10-2025
C0609,Karan Rao,Male,31,Chandigarh,Chandigarh,23-06-2024
C0610,Amit Khan,Male,37,Kochi,Kerala,11-02-2025
C0611,Divya Das,Male,59,Unknown,Chandigarh,11-07-2025
C0612,Anjali Joshi,Female,41,Patna,Bihar,10-07-2024
C0613,Priya Das,Female,47,Bhopal,Madhya Pradesh,26-09-2024
C0614,Rohit Patel,Male,62,Lucknow,Uttar Pradesh,14-11-2025
C0615,Amit Joshi,Female,55,Hyderabad,Telangana,20-08-2024
C0616,Priya Jain,Female,52,Coimbatore,Tamil Nadu,04-12-2025
C0617,Manoj Gupta,Male,37,Chandigarh,Chandigarh,21-03-2024
C0618,Priya Singh,Male,46,Patna,Bihar,26-06-2024
C0619,Karan Mehta,Male,20,Pune,Maharashtra,09-03-2025
C0620,Kavya Mehta,Male,56,Delhi,Delhi,21-09-2024
C0621,Amit Kumar,Female,53,Chennai,Tamil Nadu,10-02-2025
C0622,Arjun Das,Female,18,Coimbatore,Tamil Nadu,18-12-2025
C0623,Rakesh Shetty,Male,44,Nagpur,Maharashtra,02-06-2024
C0624,Manoj Rao,Male,54,Jaipur,Rajasthan,13-04-2024
C0625,Shreya Joshi,Female,34,Kochi,Kerala,27-01-2025
C0626,Manoj Khan,Male,29,Chandigarh,Chandigarh,09-10-2024
C0627,Vikram Jain,Male,43,Patna,Bihar,05-12-2024
C0628,Priya Khan,Female,41,Lucknow,Uttar Pradesh,21-01-2024
C0629,Pooja Nair,Female,49,Chennai,Tamil Nadu,13-12-2025
C0630,Neha Singh,Female,65,Hyderabad,Telangana,29-03-2025
C0631,Rohit Shetty,Male,30,Chennai,Tamil Nadu,28-03-2025
C0632,Kavya Khan,Male,21,Ahmedabad,Gujarat,11-06-2025
C0633,Amit Nair,Female,26,Pune,Maharashtra,20-06-2025
C0634,Rahul Verma,Male,30,Nagpur,Maharashtra,29-02-2024
C0635,Priya Yadav,Male,41,Lucknow,Uttar Pradesh,22-12-2025
C0636,Unknown,Female,50,Ahmedabad,Gujarat,10-02-2025
C0637,Rahul Gupta,Female,49,Hyderabad,Telangana,31-08-2025
C0638,Anjali Khan,Female,40,Bhopal,Madhya Pradesh,16-06-2024
C0639,Amit Nair,Male,42,Kolkata,West Bengal,20-02-2024
C0640,Manoj Mehta,Male,59,Pune,Maharashtra,18-08-2024
C0641,Rohit Shetty,Male,61,Ahmedabad,Gujarat,10-01-2024
C0642,Vikram Verma,Male,32,Chandigarh,Unknown,15-09-2024
C0643,Rohit Shetty,Female,40,Unknown,Kerala,15-04-2025
C0644,Karan Yadav,Female,61,Kolkata,West Bengal,17-06-2025
C0645,Manoj Rao,Male,50,Patna,Bihar,09-11-2025
C0646,Shreya Nair,Female,61,Indore,Madhya Pradesh,20-04-2024
C0647,Amit Reddy,Female,58,Chandigarh,Chandigarh,28-11-2024
C0648,Rohit Nair,Male,27,Kolkata,West Bengal,13-06-2025
C0650,Divya Nair,Female,44,Bangalore,Karnataka,18-02-2025
C0651,Priya Mehta,Female,64,Patna,Bihar,31-12-2025
C0652,Shreya Khan,Female,50,Lucknow,Uttar Pradesh,03-11-2024
C0653,Shreya Verma,Female,24,Pune,Maharashtra,27-04-2025
C0654,Rohit Verma,Female,59,Jaipur,Rajasthan,01-04-2024
C0655,Meera Gupta,Female,44,Lucknow,Uttar Pradesh,05-12-2024
C0656,Rohit Nair,Female,25,Indore,Madhya Pradesh,26-04-2025
C0657,Manoj Kumar,Female,30,Mumbai,Maharashtra,27-05-2025
C0658,Sanjay Nair,Female,21,Hyderabad,Telangana,03-06-2024
C0659,Karan Reddy,Female,54,Jaipur,Rajasthan,13-04-2025
C0660,Arjun Verma,Male,49,Jaipur,Rajasthan,06-12-2024
C0661,Arjun Patel,Male,46,Pune,Maharashtra,07-10-2024
C0662,Anjali Verma,Female,23,Ahmedabad,Gujarat,12-05-2024
C0663,Kavya Jain,Female,48,Mangalore,Karnataka,27-01-2025
C0664,Priya Mehta,Female,18,Bangalore,Karnataka,25-11-2024
C0665,Karan Sharma,Male,58,Kanpur,Uttar Pradesh,11-09-2024
C0666,Meera Nair,Male,24,Lucknow,Uttar Pradesh,27-01-2025
C0667,Manoj Nair,Male,22,Kanpur,Uttar Pradesh,16-02-2024
C0668,Pooja Yadav,Female,45,Kochi,Kerala,04-12-2025
C0669,Arjun Khan,Female,30,Jaipur,Rajasthan,17-06-2024
C0670,Rahul Gupta,Male,64,Patna,Bihar,14-05-2024
C0671,Rahul Verma,Male,41,Ahmedabad,Gujarat,29-12-2025
C0672,Sanjay Das,Male,56,Mumbai,Maharashtra,19-02-2024
C0673,Rahul Patel,Male,44,Hyderabad,Telangana,30-03-2025
C0674,Sneha Das,Female,62,Patna,Bihar,05-06-2024
C0675,Rahul Nair,Female,60,Ahmedabad,Unknown,13-04-2024
C0676,Rohit Singh,Female,24,Kanpur,Uttar Pradesh,07-06-2025
C0677,Pooja Rao,Male,49,Hyderabad,Telangana,22-07-2024
C0678,Rohit Mehta,Female,63,Ahmedabad,Gujarat,23-02-2025
C0679,Anjali Patel,Female,31,Kochi,Kerala,05-12-2025
C0680,Arjun Gupta,Male,18,Chandigarh,Chandigarh,18-11-2025
C0681,Sneha Khan,Male,23,Delhi,Delhi,07-06-2025
C0682,Sneha Das,Male,47,Delhi,Delhi,30-10-2024
C0683,Nikhil Patel,Male,29,Kolkata,West Bengal,10-02-2024
C0684,Meera Reddy,Female,65,Kochi,Kerala,28-04-2024
C0685,Priya Sharma,Male,60,Hyderabad,Telangana,24-10-2025
C0686,Arjun Joshi,Female,57,Pune,Maharashtra,01-10-2024
C0687,Meera Reddy,Male,25,Delhi,Delhi,14-02-2025
C0688,Nikhil Das,Female,62,Patna,Bihar,04-05-2025
C0689,Anjali Rao,Male,62,Mangalore,Karnataka,01-03-2024
C0690,Sneha Shetty,Female,54,Pune,Maharashtra,25-11-2025
C0691,Anjali Jain,Female,57,Bhopal,Madhya Pradesh,30-01-2024
C0692,Divya Khan,Male,44,Jaipur,Rajasthan,27-03-2025
C0693,Amit Das,Female,18,Mumbai,Maharashtra,22-12-2025
C0694,Manoj Gupta,Female,51,Kanpur,Uttar Pradesh,19-06-2025
C0695,Kavya Gupta,Female,40,Hyderabad,Telangana,10-11-2025
C0696,Vikram Patel,Male,59,Patna,Bihar,09-06-2024
C0697,Divya Khan,Male,22,Kanpur,Uttar Pradesh,18-05-2025
C0698,Neha Reddy,Female,21,Chennai,Tamil Nadu,03-06-2025
C0699,Shreya Jain,Female,33,Lucknow,Uttar Pradesh,21-03-2024
C0700,Nikhil Yadav,Male,49,Bhopal,Madhya Pradesh,02-04-2025
C0701,Sneha Khan,Male,24,Chennai,Tamil Nadu,17-02-2025
C0702,Priya Sharma,Male,56,Mangalore,Karnataka,25-09-2025
C0703,Rakesh Mehta,Female,39,Kochi,Kerala,07-01-2025
C0704,Neha Yadav,Female,53,Mumbai,Maharashtra,26-09-2025
C0705,Meera Yadav,Male,24,Chandigarh,Chandigarh,05-11-2025
C0706,Rahul Reddy,Female,58,Lucknow,Uttar Pradesh,25-10-2024
C0707,Rakesh Joshi,Male,20,Coimbatore,Tamil Nadu,17-06-2024
C0708,Vikram Shetty,Male,34,Chandigarh,Chandigarh,17-09-2025
C0709,Karan Rao,Female,31,Ahmedabad,Gujarat,13-04-2025
C0710,Arjun Rao,Female,20,Ahmedabad,Gujarat,10-10-2025
C0711,Sneha Yadav,Female,60,Nagpur,Maharashtra,26-08-2025
C0712,Vikram Khan,Male,51,Kanpur,Uttar Pradesh,19-02-2024
C0713,Kavya Khan,Male,62,Coimbatore,Tamil Nadu,15-08-2025
C0714,Vikram Rao,Female,60,Pune,Maharashtra,06-09-2025
C0715,Rakesh Jain,Female,56,Chennai,Tamil Nadu,10-12-2025
C0716,Rohit Jain,Female,36,Lucknow,Uttar Pradesh,08-04-2025
C0717,Vikram Shetty,Female,62,Jaipur,Rajasthan,14-07-2025
C0718,Shreya Mehta,Male,31,Chennai,Tamil Nadu,01-10-2025
C0719,Meera Singh,Male,50,Kochi,Kerala,09-07-2025
C0720,Sneha Joshi,Female,55,Chennai,Tamil Nadu,07-08-2025
C0721,Shreya Nair,Female,18,Mangalore,Karnataka,19-06-2025
C0722,Rahul Jain,Male,21,Hyderabad,Telangana,17-11-2025
C0723,Karan Das,Male,36,Mumbai,Maharashtra,30-11-2025
C0724,Vikram Patel,Female,31,Kolkata,West Bengal,08-07-2025
C0725,Meera Yadav,Male,57,Mumbai,Maharashtra,22-11-2025
C0726,Neha Jain,Male,50,Coimbatore,Tamil Nadu,13-12-2025
C0727,Priya Jain,Female,44,Kochi,Kerala,02-12-2025
C0728,Shreya Patel,Male,65,Chennai,Tamil Nadu,14-09-2024
C0729,Aisha Yadav,Male,58,Ahmedabad,Gujarat,22-12-2025
C0730,Manoj Mehta,Male,36,Indore,Madhya Pradesh,04-04-2025
C0731,Amit Verma,Male,65,Pune,Maharashtra,10-06-2025
C0732,Sanjay Patel,Female,35,Hyderabad,Telangana,23-07-2025
C0733,Vikram Verma,Female,18,Kolkata,West Bengal,04-12-2024
C0734,Vikram Patel,Male,38,Bhopal,Madhya Pradesh,03-09-2025
C0735,Aisha Nair,Female,54,Mumbai,Maharashtra,17-07-2025
C0736,Amit Reddy,Male,29,Indore,Madhya Pradesh,17-06-2025
C0737,Rakesh Verma,Female,52,Delhi,Delhi,03-07-2025
C0738,Amit Joshi,Male,31,Patna,Bihar,10-11-2025
C0739,Arjun Joshi,Female,31,Chennai,Tamil Nadu,25-09-2025
C0740,Divya Sharma,Male,60,Kanpur,Uttar Pradesh,20-12-2024
C0741,Neha Gupta,Male,61,Bhopal,Madhya Pradesh,24-11-2024
C0742,Sneha Jain,Female,52,Patna,Bihar,16-10-2024
C0743,Rakesh Joshi,Female,49,Bangalore,Karnataka,14-02-2024
C0745,Shreya Sharma,Male,31,Unknown,Tamil Nadu,17-11-2025
C0746,Kavya Rao,Male,52,Ahmedabad,Gujarat,20-12-2025
C0747,Amit Singh,Male,47,Mangalore,Karnataka,05-12-2024
C0748,Amit Kumar,Male,29,Mumbai,Maharashtra,14-09-2024
C0749,Amit Gupta,Female,44,Coimbatore,Tamil Nadu,01-02-2025
C0750,Sanjay Shetty,Female,19,Bhopal,Madhya Pradesh,02-02-2025
C0751,Shreya Sharma,Male,65,Hyderabad,Telangana,22-08-2025
C0752,Amit Joshi,Male,36,Mumbai,Maharashtra,03-12-2025
C0753,Aisha Kumar,Female,46,Kochi,Kerala,25-01-2025
C0755,Sanjay Nair,Male,37,Jaipur,Rajasthan,24-11-2025
C0756,Rahul Singh,Male,20,Indore,Madhya Pradesh,06-01-2024
C0757,Aisha Jain,Male,37,Nagpur,Maharashtra,03-08-2024
C0758,Karan Shetty,Male,28,Indore,Madhya Pradesh,07-07-2024
C0759,Aisha Das,Male,25,Lucknow,Uttar Pradesh,04-07-2024
C0760,Priya Yadav,Male,36,Nagpur,Maharashtra,18-11-2025
C0761,Rohit Rao,Male,64,Delhi,Delhi,17-08-2025
C0762,Arjun Joshi,Male,60,Chandigarh,Chandigarh,02-11-2025
C0763,Sneha Nair,Male,30,Lucknow,Uttar Pradesh,21-11-2024
C0764,Nikhil Reddy,Female,62,Chandigarh,Chandigarh,21-08-2025
C0765,Manoj Joshi,Female,45,Jaipur,Rajasthan,21-06-2024
C0766,Arjun Gupta,Male,63,Bangalore,Karnataka,18-10-2025
C0767,Rohit Joshi,Male,61,Mangalore,Karnataka,05-12-2024
C0768,Nikhil Yadav,Female,37,Chandigarh,Chandigarh,01-01-2024
C0769,Sneha Verma,Male,35,Coimbatore,Tamil Nadu,23-05-2024
C0770,Karan Das,Male,64,Coimbatore,Tamil Nadu,18-03-2024
C0771,Rakesh Sharma,Female,55,Bangalore,Karnataka,05-08-2024
C0772,Shreya Das,Female,59,Mumbai,Maharashtra,01-06-2024
C0773,Sanjay Gupta,Female,26,Indore,Madhya Pradesh,20-04-2025
C0774,Rakesh Kumar,Female,41,Kanpur,Uttar Pradesh,29-05-2025
C0775,Neha Verma,Male,46,Bangalore,Karnataka,12-06-2024
C0776,Manoj Singh,Female,40,Pune,Maharashtra,11-02-2024
C0777,Divya Gupta,Male,34,Lucknow,Uttar Pradesh,13-01-2025
C0778,Priya Mehta,Female,42,Lucknow,Uttar Pradesh,25-04-2025
C0779,Priya Patel,Female,24,Bhopal,Madhya Pradesh,21-12-2025
C0780,Rohit Das,Male,42,Kanpur,Uttar Pradesh,31-10-2025
C0781,Meera Kumar,Female,42,Patna,Bihar,16-08-2024
C0782,Sanjay Joshi,Female,49,Kanpur,Uttar Pradesh,08-05-2025
C0783,Rakesh Singh,Female,28,Bangalore,Karnataka,23-08-2024
C0784,Rakesh Das,Male,27,Delhi,Delhi,10-07-2024
C0785,Meera Rao,Male,44,Pune,Maharashtra,04-12-2024
C0786,Divya Khan,Female,31,Hyderabad,Telangana,27-08-2025
C0787,Kavya Sharma,Male,20,Pune,Maharashtra,10-05-2024
C0788,Manoj Verma,Female,58,Nagpur,Maharashtra,08-06-2025
C0789,Manoj Singh,Male,28,Mumbai,Maharashtra,21-09-2024
C0790,Rakesh Jain,Male,64,Pune,Maharashtra,08-11-2025
C0791,Amit Mehta,Female,56,Kochi,Kerala,27-04-2025
C0792,Anjali Gupta,Female,56,Chandigarh,Chandigarh,26-05-2024
C0793,Anjali Das,Male,64,Nagpur,Maharashtra,03-12-2025
C0794,Nikhil Kumar,Male,42,Chennai,Tamil Nadu,29-01-2025
C0795,Sneha Sharma,Male,51,Jaipur,Rajasthan,31-05-2025
C0796,Vikram Rao,Female,48,Mangalore,Karnataka,21-09-2025
C0797,Shreya Rao,Male,48,Mumbai,Maharashtra,06-11-2025
C0798,Aisha Sharma,Female,51,Jaipur,Rajasthan,06-03-2025
C0799,Priya Shetty,Male,48,Indore,Unknown,25-01-2025
C0800,Manoj Rao,Female,26,Indore,Madhya Pradesh,17-09-2024
C0801,Neha Kumar,Female,56,Chandigarh,Chandigarh,10-07-2025
C0802,Rohit Mehta,Male,63,Mangalore,Karnataka,08-01-2024
C0803,Rakesh Rao,Male,42,Nagpur,Maharashtra,01-11-2025
C0804,Arjun Shetty,Female,24,Ahmedabad,Gujarat,07-06-2024
C0805,Manoj Das,Male,52,Mangalore,Karnataka,09-03-2025
C0806,Meera Das,Female,31,Nagpur,Maharashtra,27-02-2025
C0807,Shreya Khan,Male,41,Coimbatore,Tamil Nadu,26-07-2025
C0808,Divya Das,Female,54,Coimbatore,Tamil Nadu,18-12-2024
C0809,Vikram Rao,Male,46,Patna,Bihar,17-12-2025
C0810,Sneha Mehta,Female,39,Pune,Maharashtra,17-07-2025
C0811,Anjali Jain,Male,23,Mumbai,Maharashtra,28-05-2024
C0812,Aisha Shetty,Male,22,Chandigarh,Chandigarh,26-09-2024
C0813,Meera Kumar,Male,64,Unknown,Uttar Pradesh,28-01-2025
C0814,Aisha Nair,Male,29,Patna,Bihar,17-10-2025
C0815,Nikhil Sharma,Male,60,Chandigarh,Chandigarh,14-06-2025
C0816,Karan Patel,Male,57,Kochi,Kerala,22-06-2024
C0817,Meera Gupta,Male,28,Mumbai,Maharashtra,29-03-2024
C0818,Sanjay Joshi,Female,43,Kolkata,West Bengal,23-08-2025
C0819,Rakesh Sharma,Male,23,Ahmedabad,Gujarat,16-07-2025
C0820,Shreya Joshi,Female,35,Kochi,Kerala,19-08-2024
C0821,Nikhil Jain,Male,34,Ahmedabad,Gujarat,28-06-2024
C0822,Rakesh Rao,Male,50,Mangalore,Karnataka,28-10-2024
C0823,Sneha Das,Female,62,Chennai,Tamil Nadu,29-03-2025
C0824,Manoj Khan,Male,39,Patna,Bihar,14-04-2025
C0825,Manoj Sharma,Female,25,Bhopal,Madhya Pradesh,21-09-2024
C0826,Sanjay Gupta,Male,38,Delhi,Delhi,26-02-2025
C0827,Rakesh Sharma,Female,33,Indore,Madhya Pradesh,21-10-2024
C0828,Sanjay Reddy,Male,53,Delhi,Delhi,01-07-2024
C0829,Arjun Joshi,Male,54,Chandigarh,Chandigarh,02-10-2024
C0830,Karan Khan,Male,33,Pune,Maharashtra,04-09-2024
C0831,Karan Gupta,Male,33,Kolkata,West Bengal,25-09-2025
C0832,Unknown,Male,23,Indore,Madhya Pradesh,23-11-2025
C0833,Aisha Sharma,Male,48,Chandigarh,Chandigarh,15-01-2025
C0834,Divya Das,Female,29,Unknown,Tamil Nadu,07-06-2025
C0835,Sanjay Gupta,Male,21,Kolkata,West Bengal,22-06-2025
C0836,Divya Patel,Female,43,Mangalore,Karnataka,03-12-2025
C0837,Nikhil Rao,Female,38,Pune,Maharashtra,01-01-2024
C0838,Rahul Mehta,Female,55,Bangalore,Karnataka,13-04-2024
C0839,Meera Das,Male,53,Chennai,Tamil Nadu,26-09-2024
C0840,Rohit Khan,Female,41,Lucknow,Uttar Pradesh,07-07-2024
C0841,Kavya Mehta,Female,62,Chandigarh,Chandigarh,16-01-2025
C0842,Sanjay Das,Female,29,Indore,Madhya Pradesh,08-08-2025
C0843,Manoj Gupta,Male,64,Jaipur,Rajasthan,03-10-2024
C0844,Shreya Shetty,Female,30,Lucknow,Uttar Pradesh,29-05-2024
C0845,Divya Sharma,Male,44,Jaipur,Rajasthan,26-05-2025
C0846,Rakesh Reddy,Female,37,Jaipur,Rajasthan,13-09-2024
C0847,Manoj Patel,Female,24,Coimbatore,Tamil Nadu,08-12-2025
C0848,Priya Mehta,Female,48,Pune,Maharashtra,06-10-2025
C0849,Nikhil Reddy,Female,41,Hyderabad,Telangana,03-01-2025
C0850,Shreya Das,Female,19,Coimbatore,Tamil Nadu,25-02-2025
C0851,Meera Mehta,Male,36,Hyderabad,Telangana,29-12-2024
C0852,Rakesh Khan,Female,23,Chennai,Tamil Nadu,25-01-2025
C0853,Nikhil Singh,Male,58,Kochi,Kerala,11-12-2024
C0854,Aisha Jain,Male,23,Mangalore,Karnataka,14-06-2024
C0855,Neha Reddy,Female,59,Chennai,Tamil Nadu,25-10-2024
C0856,Aisha Jain,Female,46,Kolkata,West Bengal,06-01-2025
C0857,Rakesh Yadav,Female,28,Nagpur,Maharashtra,07-07-2024
C0858,Vikram Gupta,Female,65,Bangalore,Karnataka,18-12-2025
C0859,Karan Verma,Female,24,Delhi,Delhi,07-04-2024
C0860,Divya Patel,Male,43,Delhi,Delhi,20-06-2025
C0861,Sneha Das,Male,23,Delhi,Delhi,01-11-2025
C0862,Pooja Gupta,Male,65,Patna,Bihar,17-10-2024
C0863,Vikram Singh,Male,19,Bhopal,Madhya Pradesh,05-02-2024
C0864,Arjun Khan,Female,52,Indore,Madhya Pradesh,05-10-2024
C0865,Unknown,Male,55,Coimbatore,Tamil Nadu,03-09-2025
C0866,Manoj Shetty,Female,40,Bhopal,Madhya Pradesh,08-05-2025
C0867,Neha Kumar,Female,37,Coimbatore,Unknown,09-01-2025
C0869,Vikram Joshi,Female,48,Kanpur,Uttar Pradesh,01-07-2025
C0870,Divya Khan,Female,18,Bangalore,Karnataka,16-03-2025
C0871,Aisha Gupta,Male,53,Kochi,Kerala,17-01-2025
C0872,Kavya Shetty,Female,33,Ahmedabad,Gujarat,16-06-2024
C0873,Sanjay Gupta,Female,23,Patna,Bihar,08-03-2025
C0874,Rakesh Das,Female,59,Lucknow,Uttar Pradesh,28-06-2025
C0875,Kavya Mehta,Male,29,Kolkata,West Bengal,19-05-2024
C0876,Sneha Yadav,Female,35,Kochi,Kerala,18-12-2025
C0877,Karan Reddy,Male,27,Chandigarh,Chandigarh,20-02-2024
C0878,Rahul Verma,Male,36,Coimbatore,Tamil Nadu,02-10-2024
C0879,Nikhil Sharma,Male,23,Jaipur,Rajasthan,03-06-2024
C0880,Divya Mehta,Female,44,Bangalore,Karnataka,15-11-2024
C0881,Meera Yadav,Male,39,Chandigarh,Chandigarh,23-03-2024
C0882,Priya Das,Female,22,Jaipur,Rajasthan,10-07-2025
C0883,Anjali Mehta,Female,42,Chandigarh,Chandigarh,13-01-2024
C0884,Neha Jain,Female,33,Hyderabad,Telangana,04-02-2024
C0885,Nikhil Rao,Male,48,Ahmedabad,Gujarat,02-02-2025
C0886,Arjun Verma,Male,65,Kochi,Kerala,16-07-2025
C0887,Sneha Das,Female,58,Kanpur,Uttar Pradesh,01-11-2024
C0888,Meera Patel,Male,25,Ahmedabad,Gujarat,29-08-2024
C0889,Arjun Sharma,Male,35,Mangalore,Karnataka,21-08-2025
C0890,Sanjay Gupta,Male,20,Hyderabad,Telangana,18-08-2025
C0891,Aisha Singh,Female,23,Chandigarh,Chandigarh,11-09-2024
C0892,Divya Kumar,Female,58,Pune,Maharashtra,02-03-2024
C0893,Meera Singh,Male,26,Mumbai,Maharashtra,14-05-2025
C0894,Unknown,Female,64,Lucknow,Uttar Pradesh,16-07-2024
C0895,Sanjay Joshi,Male,34,Bangalore,Karnataka,10-02-2024
C0896,Nikhil Nair,Female,30,Chandigarh,Chandigarh,03-08-2025
C0897,Shreya Joshi,Female,64,Pune,Maharashtra,24-04-2025
C0898,Aisha Verma,Male,51,Kolkata,West Bengal,07-06-2024
C0899,Pooja Das,Female,47,Bhopal,Madhya Pradesh,01-01-2024
C0900,Sanjay Verma,Male,57,Kanpur,Uttar Pradesh,07-01-2025
C0901,Arjun Kumar,Female,30,Lucknow,Uttar Pradesh,01-01-2024
C0902,Shreya Singh,Female,38,Chandigarh,Chandigarh,23-02-2025
C0903,Sneha Rao,Male,20,Chennai,Tamil Nadu,12-05-2024
C0904,Priya Mehta,Male,49,Pune,Maharashtra,15-07-2024
C0905,Priya Jain,Female,51,Hyderabad,Telangana,30-09-2025
C0906,Rohit Patel,Female,32,Nagpur,Maharashtra,12-09-2025
C0907,Rahul Mehta,Male,23,Delhi,Delhi,24-04-2025
C0908,Meera Shetty,Female,63,Mumbai,Maharashtra,29-02-2024
C0909,Rakesh Patel,Male,37,Kolkata,West Bengal,20-03-2024
C0910,Rakesh Rao,Male,64,Ahmedabad,Gujarat,24-08-2024
C0911,Sanjay Mehta,Male,51,Coimbatore,Tamil Nadu,03-11-2025
C0912,Manoj Verma,Female,65,Lucknow,Uttar Pradesh,18-04-2024
C0913,Meera Yadav,Female,24,Nagpur,Maharashtra,19-06-2024
C0914,Shreya Jain,Female,60,Pune,Maharashtra,10-06-2024
C0915,Aisha Yadav,Female,38,Coimbatore,Tamil Nadu,17-07-2025
C0916,Meera Shetty,Female,64,Chennai,Tamil Nadu,27-11-2024
C0917,Manoj Mehta,Female,53,Lucknow,Uttar Pradesh,17-09-2024
C0918,Nikhil Yadav,Female,18,Indore,Madhya Pradesh,05-02-2024
C0919,Aisha Sharma,Male,37,Kochi,Kerala,07-01-2024
C0920,Neha Mehta,Female,19,Kochi,Kerala,07-12-2025
C0921,Shreya Singh,Male,20,Kolkata,West Bengal,16-04-2025
C0922,Vikram Singh,Female,41,Indore,Madhya Pradesh,19-08-2025
C0923,Neha Das,Female,23,Lucknow,Uttar Pradesh,07-08-2025
C0924,Manoj Mehta,Male,64,Patna,Bihar,28-11-2024
C0925,Anjali Khan,Male,56,Chandigarh,Chandigarh,19-10-2025
C0926,Priya Jain,Male,21,Kochi,Kerala,08-12-2024
C0927,Kavya Shetty,Male,32,Indore,Madhya Pradesh,30-10-2025
C0928,Sanjay Patel,Female,51,Bangalore,Karnataka,12-02-2024
C0929,Shreya Singh,Female,50,Chennai,Tamil Nadu,15-12-2025
C0930,Vikram Patel,Female,46,Lucknow,Uttar Pradesh,01-09-2025
C0931,Rakesh Kumar,Male,45,Nagpur,Maharashtra,23-10-2024
C0932,Vikram Singh,Female,23,Patna,Bihar,02-05-2025
C0933,Priya Jain,Female,23,Nagpur,Maharashtra,12-02-2025
C0934,Kavya Singh,Male,48,Kanpur,Uttar Pradesh,26-07-2025
C0935,Divya Jain,Male,53,Ahmedabad,Gujarat,22-09-2025
C0936,Neha Gupta,Male,35,Kanpur,Uttar Pradesh,16-03-2025
C0937,Manoj Kumar,Male,60,Chennai,Tamil Nadu,27-02-2025
C0938,Meera Joshi,Male,38,Mangalore,Karnataka,18-12-2024
C0939,Pooja Verma,Female,57,Bangalore,Karnataka,28-03-2025
C0940,Nikhil Patel,Male,30,Jaipur,Rajasthan,02-12-2025
C0941,Vikram Kumar,Male,65,Indore,Madhya Pradesh,25-02-2024
C0942,Aisha Singh,Female,18,Lucknow,Uttar Pradesh,17-12-2024
C0943,Pooja Yadav,Female,19,Hyderabad,Telangana,05-12-2024
C0944,Shreya Mehta,Male,52,Ahmedabad,Gujarat,19-06-2025
C0945,Shreya Khan,Male,62,Kolkata,West Bengal,16-12-2025
C0946,Sanjay Patel,Female,28,Bangalore,Karnataka,02-03-2024
C0947,Karan Das,Male,47,Kochi,Kerala,01-11-2025
C0948,Amit Jain,Female,60,Bangalore,Karnataka,06-11-2025
C0949,Sneha Sharma,Female,59,Indore,Madhya Pradesh,30-01-2025
C0950,Sanjay Rao,Female,49,Lucknow,Uttar Pradesh,03-09-2025
C0951,Unknown,Male,50,Coimbatore,Tamil Nadu,13-04-2025
C0952,Rahul Patel,Male,51,Coimbatore,Tamil Nadu,08-11-2024
C0953,Divya Jain,Male,19,Chennai,Tamil Nadu,21-12-2024
C0954,Meera Nair,Male,50,Indore,Madhya Pradesh,09-10-2024
C0955,Rohit Jain,Male,53,Mumbai,Maharashtra,13-10-2024
C0956,Vikram Reddy,Female,60,Lucknow,Uttar Pradesh,20-05-2024
C0957,Sanjay Gupta,Female,33,Delhi,Delhi,09-08-2025
C0958,Kavya Nair,Female,46,Jaipur,Rajasthan,09-07-2025
C0959,Karan Singh,Male,26,Jaipur,Rajasthan,12-11-2024
C0960,Vikram Shetty,Male,59,Kanpur,Uttar Pradesh,01-08-2025
C0961,Arjun Kumar,Male,29,Pune,Maharashtra,21-11-2024
C0962,Rahul Reddy,Female,44,Jaipur,Rajasthan,06-11-2024
C0963,Rohit Singh,Male,24,Bhopal,Madhya Pradesh,14-05-2024
C0964,Rahul Das,Male,56,Pune,Maharashtra,25-08-2024
C0965,Rahul Joshi,Male,62,Lucknow,Uttar Pradesh,03-05-2025
C0966,Rakesh Khan,Female,29,Jaipur,Rajasthan,31-01-2025
C0967,Divya Singh,Male,30,Chandigarh,Chandigarh,19-08-2024
C0968,Kavya Sharma,Female,44,Mumbai,Maharashtra,15-08-2024
C0969,Karan Kumar,Male,46,Ahmedabad,Gujarat,23-09-2025
C0970,Arjun Yadav,Male,45,Chandigarh,Chandigarh,18-02-2025
C0971,Aisha Jain,Female,43,Mumbai,Maharashtra,18-09-2025
C0972,Aisha Patel,Male,46,Nagpur,Maharashtra,12-04-2025
C0975,Pooja Yadav,Male,45,Kochi,Kerala,28-10-2024
C0976,Rakesh Singh,Female,59,Mumbai,Maharashtra,07-04-2025
C0977,Rakesh Rao,Male,55,Delhi,Delhi,13-12-2025
C0978,Vikram Jain,Female,38,Coimbatore,Tamil Nadu,06-04-2025
C0979,Anjali Yadav,Male,47,Bangalore,Karnataka,02-04-2024
C0980,Arjun Verma,Male,23,Kolkata,West Bengal,26-04-2024
C0981,Meera Kumar,Female,64,Bhopal,Madhya Pradesh,07-06-2025
C0982,Sanjay Jain,Male,28,Pune,Maharashtra,09-12-2024
C0983,Vikram Verma,Male,29,Nagpur,Maharashtra,30-12-2025
C0984,Kavya Nair,Female,64,Mumbai,Maharashtra,01-04-2025
C0985,Anjali Rao,Male,30,Kochi,Kerala,04-01-2024
C0986,Rahul Yadav,Female,49,Kolkata,West Bengal,10-07-2025
C0987,Aisha Khan,Male,31,Bangalore,Karnataka,25-08-2025
C0988,Nikhil Shetty,Female,23,Chandigarh,Chandigarh,07-09-2025
C0989,Neha Das,Male,21,Bangalore,Karnataka,08-07-2024
C0990,Priya Joshi,Male,27,Jaipur,Rajasthan,03-02-2024
C0991,Aisha Nair,Female,23,Nagpur,Maharashtra,20-02-2024
C0992,Kavya Verma,Male,61,Hyderabad,Telangana,18-10-2024
C0993,Shreya Verma,Female,65,Nagpur,Maharashtra,15-08-2025
C0994,Priya Kumar,Female,38,Indore,Madhya Pradesh,12-01-2025
C0995,Unknown,Male,36,Patna,Bihar,27-04-2025
C0996,Sneha Das,Female,51,Unknown,Rajasthan,27-02-2025
C0997,Karan Mehta,Male,24,Kanpur,Uttar Pradesh,08-08-2025
C0998,Amit Khan,Female,45,Kanpur,Uttar Pradesh,15-09-2025
C0999,Rohit Joshi,Male,57,Chennai,Tamil Nadu,30-07-2025
C1000,Rakesh Khan,Female,29,Chandigarh,Chandigarh,16-09-2025
C1001,Pooja Mehta,Male,25,Lucknow,Uttar Pradesh,25-01-2024
C1002,Sneha Mehta,Female,44,Bhopal,Madhya Pradesh,16-02-2024
C1003,Meera Mehta,Male,58,Chennai,Tamil Nadu,25-07-2024
C1004,Rohit Kumar,Female,37,Kochi,Kerala,02-06-2025
C1005,Arjun Sharma,Male,61,Coimbatore,Tamil Nadu,01-01-2024
C1006,Sanjay Sharma,Male,30,Chennai,Tamil Nadu,04-12-2024
C1007,Divya Khan,Male,59,Chennai,Tamil Nadu,19-05-2024
C1008,Vikram Yadav,Female,47,Chandigarh,Chandigarh,27-02-2025
C1009,Rakesh Nair,Female,53,Mumbai,Maharashtra,02-07-2025
C1010,Karan Reddy,Female,22,Bangalore,Karnataka,01-06-2024
C1011,Rahul Reddy,Female,58,Kolkata,West Bengal,01-07-2025
C1012,Manoj Jain,Male,56,Pune,Maharashtra,29-04-2024
C1013,Arjun Patel,Female,44,Kochi,Kerala,29-03-2024
C1014,Neha Joshi,Female,37,Chandigarh,Chandigarh,09-08-2024
C1015,Pooja Verma,Male,41,Kanpur,Uttar Pradesh,08-02-2024
C1016,Amit Yadav,Male,48,Ahmedabad,Gujarat,27-05-2025
C1017,Karan Reddy,Female,64,Jaipur,Unknown,20-06-2025
C1018,Arjun Singh,Male,51,Kochi,Kerala,23-11-2025
C1019,Karan Patel,Female,42,Jaipur,Rajasthan,31-12-2025
C1020,Sneha Sharma,Female,20,Kanpur,Uttar Pradesh,04-12-2025
C1021,Arjun Yadav,Male,24,Delhi,Delhi,17-06-2025
C1022,Rahul Nair,Male,38,Kochi,Kerala,24-07-2024
C1023,Pooja Das,Female,46,Ahmedabad,Gujarat,18-11-2025
C1024,Rohit Singh,Male,35,Hyderabad,Telangana,27-04-2024
C1025,Aisha Rao,Male,52,Unknown,Karnataka,24-12-2024
C1026,Arjun Das,Male,63,Coimbatore,Tamil Nadu,17-10-2024
C1027,Neha Verma,Male,37,Nagpur,Maharashtra,19-09-2025
C1028,Shreya Yadav,Male,26,Chennai,Tamil Nadu,30-01-2024
C1029,Priya Rao,Female,21,Chandigarh,Chandigarh,29-03-2024
C1030,Sanjay Verma,Female,57,Mangalore,Karnataka,30-12-2024
C1031,Arjun Mehta,Male,47,Kochi,Kerala,04-08-2025
C1032,Amit Yadav,Male,47,Jaipur,Rajasthan,13-11-2024
C1033,Divya Gupta,Male,27,Bhopal,Madhya Pradesh,23-09-2025
C1034,Meera Jain,Male,62,Kolkata,West Bengal,12-11-2025
C1035,Arjun Yadav,Female,19,Chennai,Tamil Nadu,07-03-2024
C1036,Sneha Joshi,Female,47,Chandigarh,Chandigarh,23-06-2024
C1037,Meera Singh,Male,43,Kochi,Kerala,19-04-2024
C1038,Shreya Kumar,Female,52,Chennai,Tamil Nadu,17-04-2025
C1039,Manoj Shetty,Male,57,Patna,Bihar,06-09-2024
C1040,Anjali Khan,Female,22,Coimbatore,Tamil Nadu,14-12-2024
C1041,Manoj Shetty,Female,54,Ahmedabad,Gujarat,16-12-2024
C1042,Neha Verma,Male,65,Coimbatore,Tamil Nadu,29-12-2025
C1043,Divya Rao,Female,38,Nagpur,Maharashtra,22-07-2025
C1044,Nikhil Verma,Female,43,Hyderabad,Telangana,12-03-2024
C1045,Aisha Jain,Female,49,Hyderabad,Telangana,22-10-2025
C1046,Amit Mehta,Male,55,Mumbai,Maharashtra,13-10-2025
C1047,Vikram Singh,Female,52,Bangalore,Karnataka,25-10-2024
C1048,Aisha Yadav,Male,31,Patna,Bihar,28-11-2025
C1049,Pooja Nair,Female,63,Chennai,Tamil Nadu,18-12-2024
C1050,Manoj Sharma,Female,26,Delhi,Delhi,28-10-2024
C1051,Meera Patel,Male,63,Mumbai,Maharashtra,27-07-2025
C1052,Sneha Nair,Male,33,Indore,Madhya Pradesh,18-03-2025
C1053,Sanjay Reddy,Female,43,Nagpur,Maharashtra,25-01-2025
C1054,Shreya Mehta,Male,48,Mangalore,Karnataka,22-05-2024
C1055,Shreya Jain,Female,44,Ahmedabad,Gujarat,06-06-2024
C1056,Vikram Singh,Male,22,Kochi,Kerala,25-10-2025
C1057,Vikram Khan,Female,26,Bangalore,Karnataka,27-03-2024
C1058,Kavya Yadav,Female,57,Jaipur,Rajasthan,03-07-2024
C1059,Rakesh Shetty,Female,42,Bhopal,Madhya Pradesh,29-12-2024
C1060,Anjali Shetty,Male,54,Lucknow,Uttar Pradesh,25-05-2025
C1061,Rakesh Das,Female,52,Lucknow,Uttar Pradesh,13-08-2025
C1062,Priya Patel,Female,63,Indore,Madhya Pradesh,12-01-2025
C1063,Manoj Khan,Male,27,Hyderabad,Telangana,23-06-2025
C1064,Nikhil Kumar,Male,33,Kolkata,West Bengal,28-04-2025
C1065,Shreya Nair,Male,39,Delhi,Delhi,01-07-2025
C1066,Divya Yadav,Female,54,Bangalore,Karnataka,05-12-2024
C1067,Meera Nair,Female,28,Mangalore,Karnataka,06-02-2024
C1068,Manoj Das,Male,58,Kochi,Kerala,29-04-2025
C1069,Anjali Patel,Female,65,Nagpur,Unknown,01-10-2025
C1070,Pooja Khan,Male,26,Bangalore,Karnataka,01-06-2025
C1071,Rohit Das,Male,57,Delhi,Delhi,14-10-2024
C1072,Rohit Sharma,Male,56,Kolkata,West Bengal,27-06-2024
C1073,Vikram Yadav,Female,29,Nagpur,Maharashtra,24-09-2024
C1074,Divya Verma,Male,39,Lucknow,Uttar Pradesh,27-03-2024
C1075,Aisha Singh,Female,44,Jaipur,Rajasthan,27-01-2025
C1076,Nikhil Verma,Male,54,Lucknow,Unknown,19-12-2024
C1077,Rohit Rao,Male,28,Mumbai,Maharashtra,20-04-2025
C1078,Divya Nair,Female,65,Patna,Bihar,29-06-2025
C1079,Sanjay Jain,Female,34,Lucknow,Uttar Pradesh,28-05-2024
C1080,Kavya Sharma,Female,46,Kanpur,Uttar Pradesh,26-01-2025
C1081,Rakesh Patel,Male,52,Chennai,Tamil Nadu,14-10-2025
C1082,Kavya Das,Female,35,Indore,Madhya Pradesh,30-09-2024
C1083,Rohit Jain,Female,61,Hyderabad,Telangana,04-09-2024
C1084,Karan Reddy,Male,38,Nagpur,Maharashtra,14-07-2025
C1085,Rahul Kumar,Male,44,Bangalore,Karnataka,10-04-2024
C1086,Sneha Yadav,Female,32,Kanpur,Uttar Pradesh,17-10-2024
C1087,Karan Patel,Male,57,Kolkata,West Bengal,04-04-2024
C1088,Aisha Mehta,Male,63,Mumbai,Maharashtra,02-05-2024
C1089,Aisha Singh,Female,60,Delhi,Delhi,25-10-2025
C1090,Anjali Rao,Male,34,Nagpur,Maharashtra,28-10-2024
C1091,Amit Yadav,Female,45,Bhopal,Madhya Pradesh,09-12-2025
C1092,Rohit Verma,Male,35,Chennai,Tamil Nadu,04-03-2024
C1093,Sanjay Reddy,Male,34,Patna,Bihar,01-01-2024
C1094,Nikhil Kumar,Female,30,Pune,Maharashtra,16-09-2025
C1095,Anjali Khan,Male,27,Patna,Bihar,07-07-2025
C1096,Karan Rao,Female,63,Mangalore,Karnataka,22-09-2024
C1097,Priya Kumar,Male,54,Hyderabad,Telangana,13-09-2024
C1098,Rahul Khan,Male,59,Bhopal,Madhya Pradesh,17-10-2025
C1099,Priya Jain,Female,27,Bangalore,Karnataka,17-12-2025
C1100,Sanjay Sharma,Female,48,Chennai,Tamil Nadu,22-03-2025
C1101,Amit Gupta,Male,42,Patna,Bihar,06-12-2025
C1102,Sneha Joshi,Female,61,Chandigarh,Chandigarh,06-11-2024
C1103,Priya Kumar,Female,52,Patna,Bihar,14-12-2024
C1104,Nikhil Nair,Male,29,Delhi,Delhi,21-07-2025
C1105,Sanjay Mehta,Female,62,Mumbai,Maharashtra,03-02-2025
C1106,Meera Khan,Male,58,Hyderabad,Telangana,24-03-2025
C1107,Vikram Patel,Male,19,Ahmedabad,Gujarat,30-08-2025
C1108,Divya Jain,Male,52,Lucknow,Uttar Pradesh,20-10-2025
C1109,Divya Yadav,Male,20,Kochi,Kerala,13-12-2024
C1110,Arjun Patel,Female,25,Mumbai,Maharashtra,04-08-2024
C1111,Nikhil Singh,Male,22,Kanpur,Uttar Pradesh,07-02-2024
C1112,Divya Sharma,Female,57,Jaipur,Rajasthan,16-02-2024
C1113,Vikram Sharma,Male,58,Lucknow,Uttar Pradesh,21-02-2024
C1114,Sneha Yadav,Male,55,Kochi,Kerala,06-03-2024
C1115,Sneha Khan,Male,22,Hyderabad,Telangana,26-07-2024
C1116,Arjun Jain,Female,25,Mangalore,Karnataka,01-12-2025
C1117,Shreya Singh,Female,31,Nagpur,Maharashtra,16-02-2024
C1119,Kavya Verma,Female,53,Jaipur,Rajasthan,17-06-2024
C1120,Neha Patel,Male,24,Bhopal,Madhya Pradesh,09-10-2025
C1121,Anjali Sharma,Female,23,Patna,Bihar,07-01-2024
C1122,Anjali Kumar,Female,44,Bangalore,Karnataka,11-12-2025
C1123,Vikram Mehta,Male,58,Chandigarh,Chandigarh,04-10-2024
C1124,Nikhil Shetty,Male,29,Kanpur,Uttar Pradesh,17-09-2025
C1125,Aisha Verma,Female,57,Mumbai,Maharashtra,31-03-2024
C1126,Meera Shetty,Male,53,Kochi,Kerala,29-08-2024
C1127,Sneha Rao,Female,52,Ahmedabad,Gujarat,03-06-2025
C1128,Unknown,Female,21,Lucknow,Uttar Pradesh,17-07-2024
C1129,Vikram Khan,Female,29,Hyderabad,Telangana,12-06-2024
C1130,Priya Joshi,Female,31,Mumbai,Maharashtra,21-03-2025
C1131,Arjun Yadav,Male,24,Kolkata,West Bengal,23-02-2024
C1132,Anjali Verma,Male,49,Coimbatore,Tamil Nadu,11-06-2025
C1133,Amit Gupta,Female,55,Hyderabad,Telangana,16-08-2025
C1134,Kavya Mehta,Female,32,Chennai,Tamil Nadu,22-04-2024
C1135,Neha Rao,Male,65,Chennai,Tamil Nadu,26-02-2025
C1136,Sanjay Gupta,Male,48,Ahmedabad,Gujarat,22-08-2025
C1137,Priya Shetty,Male,31,Chandigarh,Chandigarh,16-09-2025
C1138,Anjali Jain,Female,26,Bhopal,Madhya Pradesh,13-04-2025
C1139,Meera Das,Male,39,Ahmedabad,Gujarat,10-05-2024
C1140,Manoj Patel,Female,26,Mumbai,Maharashtra,23-04-2024
C1141,Nikhil Shetty,Male,39,Bhopal,Madhya Pradesh,13-08-2024
C1142,Aisha Verma,Male,54,Kochi,Kerala,20-07-2025
C1143,Amit Shetty,Female,31,Lucknow,Uttar Pradesh,28-08-2025
C1144,Nikhil Das,Male,64,Chandigarh,Chandigarh,14-03-2025
C1145,Neha Reddy,Female,55,Lucknow,Uttar Pradesh,15-08-2024
C1146,Vikram Sharma,Female,20,Nagpur,Maharashtra,11-02-2024
C1147,Unknown,Female,51,Chandigarh,Chandigarh,07-02-2025
C1148,Sneha Yadav,Female,33,Chandigarh,Chandigarh,26-03-2024
C1149,Rahul Shetty,Male,26,Coimbatore,Tamil Nadu,02-01-2025
C1150,Neha Kumar,Male,48,Kochi,Kerala,16-11-2025
C1151,Anjali Yadav,Male,47,Kochi,Kerala,19-04-2025
C1152,Sanjay Verma,Female,58,Jaipur,Rajasthan,20-04-2025
C1153,Amit Jain,Female,51,Bangalore,Karnataka,03-02-2024
C1154,Kavya Das,Male,61,Kochi,Kerala,23-03-2024
C1155,Priya Joshi,Male,25,Chennai,Tamil Nadu,27-01-2025
C1156,Nikhil Patel,Female,41,Indore,Madhya Pradesh,28-06-2024
C1157,Amit Mehta,Male,39,Coimbatore,Tamil Nadu,01-09-2024
C1158,Sneha Khan,Male,65,Coimbatore,Tamil Nadu,18-08-2024
C1159,Meera Das,Female,35,Chennai,Tamil Nadu,25-02-2024
C1160,Meera Joshi,Female,49,Delhi,Delhi,28-05-2025
C1161,Sneha Khan,Female,46,Kanpur,Uttar Pradesh,27-09-2025
C1162,Amit Mehta,Female,23,Indore,Madhya Pradesh,23-03-2024
C1163,Anjali Nair,Male,24,Patna,Bihar,17-06-2024
C1164,Sneha Singh,Female,27,Kolkata,West Bengal,28-07-2024
C1165,Rahul Nair,Female,61,Kanpur,Uttar Pradesh,08-07-2025
C1166,Divya Joshi,Female,46,Jaipur,Rajasthan,22-10-2025
C1167,Pooja Mehta,Male,19,Bangalore,Karnataka,25-08-2024
C1168,Arjun Shetty,Female,59,Kanpur,Uttar Pradesh,23-10-2025
C1169,Divya Yadav,Female,37,Chennai,Tamil Nadu,03-08-2025
C1170,Pooja Verma,Female,32,Unknown,Rajasthan,10-05-2025
C1171,Pooja Patel,Male,40,Indore,Madhya Pradesh,18-10-2024
C1172,Anjali Verma,Female,29,Bhopal,Madhya Pradesh,28-06-2024
C1173,Anjali Gupta,Male,20,Jaipur,Rajasthan,20-11-2024
C1174,Vikram Yadav,Female,41,Nagpur,Maharashtra,07-07-2024
C1175,Shreya Patel,Female,40,Ahmedabad,Gujarat,31-05-2024
C1176,Nikhil Verma,Female,25,Indore,Madhya Pradesh,26-01-2024
C1177,Divya Singh,Female,38,Patna,Bihar,08-06-2024
C1178,Shreya Reddy,Female,48,Bangalore,Karnataka,23-10-2024
C1179,Vikram Yadav,Female,62,Nagpur,Maharashtra,25-04-2024
C1180,Priya Singh,Male,37,Chandigarh,Chandigarh,26-01-2024
C1181,Aisha Gupta,Female,40,Patna,Bihar,04-04-2024
C1182,Priya Mehta,Male,35,Chennai,Tamil Nadu,19-07-2024
C1183,Amit Yadav,Male,50,Bangalore,Karnataka,07-02-2025
C1184,Divya Reddy,Male,60,Ahmedabad,Gujarat,04-01-2025
C1185,Vikram Shetty,Female,42,Patna,Bihar,16-01-2025
C1186,Pooja Joshi,Female,37,Bangalore,Karnataka,01-04-2025
C1187,Amit Mehta,Female,65,Coimbatore,Tamil Nadu,01-03-2025
C1188,Pooja Verma,Female,64,Bhopal,Madhya Pradesh,28-02-2025
C1189,Manoj Kumar,Male,31,Jaipur,Unknown,06-11-2024
C1190,Rakesh Reddy,Male,55,Chandigarh,Chandigarh,19-01-2025
C1191,Rahul Shetty,Female,44,Delhi,Delhi,28-06-2024
C1192,Nikhil Singh,Male,29,Coimbatore,Tamil Nadu,25-01-2025
C1193,Shreya Khan,Male,37,Kochi,Kerala,22-08-2025
C1194,Divya Yadav,Male,19,Kochi,Kerala,03-01-2024
C1195,Rohit Nair,Female,25,Jaipur,Rajasthan,31-10-2025
C1196,Kavya Verma,Female,62,Kochi,Kerala,22-10-2025
C1197,Rahul Rao,Female,49,Lucknow,Unknown,09-03-2024
C1198,Manoj Khan,Female,34,Indore,Madhya Pradesh,05-10-2025
C1199,Sneha Joshi,Male,34,Chandigarh,Chandigarh,15-06-2024
C1200,Priya Singh,Female,47,Nagpur,Maharashtra,10-12-2025
C1201,Meera Verma,Male,35,Jaipur,Rajasthan,04-01-2025
C1202,Meera Patel,Female,36,Mangalore,Karnataka,26-06-2025
C1203,Rakesh Mehta,Male,24,Delhi,Delhi,05-09-2025
C1204,Shreya Reddy,Female,61,Pune,Maharashtra,04-11-2024
C1205,Meera Rao,Female,27,Kolkata,West Bengal,14-01-2024
C1206,Rakesh Nair,Female,49,Jaipur,Rajasthan,25-02-2025
C1207,Anjali Rao,Male,27,Chennai,Tamil Nadu,30-05-2025
C1208,Karan Rao,Female,47,Lucknow,Uttar Pradesh,01-01-2024
C1209,Vikram Sharma,Female,40,Hyderabad,Telangana,15-11-2024
C1210,Vikram Yadav,Female,29,Indore,Madhya Pradesh,27-12-2025
C1211,Rahul Rao,Male,26,Kochi,Kerala,11-12-2025
C1212,Neha Nair,Male,31,Jaipur,Rajasthan,13-05-2024
C1213,Kavya Rao,Male,19,Delhi,Delhi,10-05-2025
C1214,Priya Mehta,Male,20,Mangalore,Karnataka,06-11-2025
C1215,Manoj Patel,Female,25,Kanpur,Uttar Pradesh,16-09-2024
C1216,Amit Nair,Male,24,Mumbai,Maharashtra,06-05-2024
C1217,Manoj Mehta,Male,60,Ahmedabad,Gujarat,25-12-2024
C1218,Amit Singh,Female,55,Bangalore,Karnataka,22-12-2024
C1219,Anjali Gupta,Male,24,Indore,Madhya Pradesh,15-08-2025
C1220,Rakesh Mehta,Male,36,Bangalore,Karnataka,24-06-2024
C1221,Rahul Rao,Male,50,Coimbatore,Tamil Nadu,25-12-2025
C1222,Meera Verma,Female,61,Chandigarh,Chandigarh,19-04-2024
C1223,Meera Jain,Female,31,Pune,Maharashtra,10-06-2025
C1224,Kavya Rao,Female,25,Lucknow,Uttar Pradesh,22-04-2025
C1225,Rakesh Singh,Female,41,Hyderabad,Telangana,22-12-2025
C1226,Shreya Patel,Male,38,Kochi,Kerala,20-05-2025
C1227,Sanjay Nair,Female,56,Hyderabad,Telangana,15-11-2024
C1228,Neha Shetty,Female,45,Bhopal,Madhya Pradesh,12-07-2024
C1229,Divya Joshi,Male,18,Delhi,Unknown,21-11-2025
C1230,Sneha Jain,Female,51,Chandigarh,Chandigarh,05-11-2025
C1231,Sneha Singh,Female,43,Delhi,Delhi,12-12-2025
C1232,Unknown,Male,41,Nagpur,Maharashtra,22-07-2024
C1233,Karan Jain,Male,32,Unknown,Tamil Nadu,10-03-2025
C1234,Rohit Das,Female,40,Chandigarh,Chandigarh,02-05-2025
C1235,Divya Das,Male,47,Patna,Bihar,20-04-2024
C1236,Rohit Khan,Female,32,Hyderabad,Telangana,05-10-2025
C1237,Rahul Rao,Male,22,Jaipur,Rajasthan,25-05-2025
C1238,Anjali Jain,Female,27,Bangalore,Karnataka,06-11-2024
C1239,Amit Khan,Female,30,Hyderabad,Telangana,27-10-2024
C1240,Divya Das,Female,52,Chandigarh,Chandigarh,13-07-2025
C1241,Priya Shetty,Female,42,Bangalore,Karnataka,05-04-2025
C1242,Sanjay Yadav,Female,20,Chennai,Tamil Nadu,03-02-2024
C1243,Shreya Nair,Male,49,Pune,Maharashtra,17-03-2025
C1244,Pooja Jain,Female,25,Jaipur,Rajasthan,05-08-2025
C1245,Shreya Khan,Female,53,Chandigarh,Chandigarh,09-06-2024
C1246,Priya Jain,Female,49,Kanpur,Uttar Pradesh,28-08-2025
C1247,Aisha Joshi,Female,38,Patna,Bihar,03-03-2024
C1248,Manoj Patel,Male,41,Bangalore,Karnataka,23-12-2024
C1249,Rahul Reddy,Female,24,Nagpur,Maharashtra,14-03-2025
C1250,Meera Shetty,Female,21,Indore,Madhya Pradesh,08-11-2025
C1251,Neha Gupta,Female,55,Lucknow,Uttar Pradesh,27-03-2024
C1252,Pooja Rao,Female,28,Delhi,Delhi,21-01-2024
C1253,Arjun Patel,Female,60,Coimbatore,Tamil Nadu,08-03-2025
C1254,Rakesh Shetty,Female,19,Nagpur,Maharashtra,13-12-2025
C1255,Manoj Sharma,Female,42,Chandigarh,Chandigarh,07-08-2025
C1256,Arjun Rao,Female,24,Patna,Bihar,08-12-2025
C1257,Arjun Khan,Female,28,Ahmedabad,Gujarat,21-09-2025
C1258,Meera Shetty,Male,49,Kochi,Kerala,12-10-2025
C1259,Shreya Mehta,Female,34,Delhi,Delhi,18-02-2024
C1260,Manoj Jain,Male,57,Kochi,Kerala,04-04-2024
C1261,Sneha Reddy,Female,22,Nagpur,Maharashtra,03-08-2025
C1262,Divya Shetty,Male,40,Kanpur,Uttar Pradesh,19-03-2024
C1263,Rakesh Nair,Female,60,Kochi,Kerala,06-07-2025
C1264,Karan Shetty,Female,34,Chennai,Tamil Nadu,01-10-2025
C1265,Nikhil Verma,Male,58,Kanpur,Uttar Pradesh,21-12-2025
C1266,Anjali Khan,Male,60,Kanpur,Uttar Pradesh,23-04-2025
C1267,Shreya Shetty,Male,51,Kolkata,West Bengal,24-07-2024
C1268,Nikhil Singh,Male,27,Indore,Madhya Pradesh,02-12-2025
C1269,Kavya Shetty,Female,22,Kochi,Kerala,11-10-2025
C1270,Kavya Das,Female,59,Ahmedabad,Gujarat,13-06-2024
